-- phpMyAdmin SQL Dump
-- version 4.4.15.10
-- https://www.phpmyadmin.net
--
-- Host: localhost
-- Generation Time: Aug 04, 2017 at 11:05 AM
-- Server version: 5.6.36
-- PHP Version: 7.0.19

SET SQL_MODE = "NO_AUTO_VALUE_ON_ZERO";
SET time_zone = "+00:00";


/*!40101 SET @OLD_CHARACTER_SET_CLIENT=@@CHARACTER_SET_CLIENT */;
/*!40101 SET @OLD_CHARACTER_SET_RESULTS=@@CHARACTER_SET_RESULTS */;
/*!40101 SET @OLD_COLLATION_CONNECTION=@@COLLATION_CONNECTION */;
/*!40101 SET NAMES utf8mb4 */;

--
-- Database: `MichelinClassroomDB`
--

-- --------------------------------------------------------

--
-- Table structure for table `tbl_BasicDetails`
--

CREATE TABLE IF NOT EXISTS `tbl_BasicDetails` (
  `id` int(11) NOT NULL,
  `Name` varchar(255) DEFAULT NULL,
  `managerName` varchar(255) DEFAULT NULL,
  `chorusId` varchar(255) DEFAULT NULL,
  `GId` varchar(255) DEFAULT NULL,
  `location` int(11) DEFAULT NULL,
  `department` int(11) DEFAULT NULL,
  `gender` varchar(255) DEFAULT NULL,
  `customerId` int(11) DEFAULT NULL,
  `adminId` int(11) DEFAULT NULL,
  `createdAt` datetime DEFAULT NULL
) ENGINE=InnoDB AUTO_INCREMENT=876 DEFAULT CHARSET=latin1;

--
-- Dumping data for table `tbl_BasicDetails`
--

INSERT INTO `tbl_BasicDetails` (`id`, `Name`, `managerName`, `chorusId`, `GId`, `location`, `department`, `gender`, `customerId`, `adminId`, `createdAt`) VALUES
(1, 'Malaleuge,David', 'Renavikar,Atul', '10011769', 'G700548', NULL, NULL, NULL, 2, 2, '2017-08-03 05:36:14'),
(2, 'Falter,Jean-Luc', 'Simon,Beatrice', '10052410', 'G700181', NULL, NULL, NULL, 2, 2, '2017-08-03 05:36:14'),
(3, 'Thibout,Christophe', 'Renavikar,Atul', '10150677', 'G700868', NULL, NULL, NULL, 2, 2, '2017-08-03 05:36:14'),
(4, 'Jeyapaul,Jebaraj', 'Selvakumarasamy,Jagadish', '10285518', 'G701475', NULL, NULL, NULL, 2, 2, '2017-08-03 05:36:14'),
(5, 'Benoit,Gerald Joseph', 'Falter,Jean-Luc', '10085045', 'G702176', NULL, NULL, NULL, 2, 2, '2017-08-03 05:36:14'),
(6, 'Larriere,Daniel', 'Malaleuge,David', '10024921', 'G701360', NULL, NULL, NULL, 2, 2, '2017-08-03 05:36:14'),
(7, 'Bodelot,Valéry', 'Thibout,Christophe', '10041453', 'G700570', NULL, NULL, NULL, 2, 2, '2017-08-03 05:36:14'),
(8, 'Sambath,Marimuthu', 'Ponnuswamy,Venkatesh', '10322766', 'G702270', NULL, NULL, NULL, 2, 2, '2017-08-03 05:36:14'),
(9, 'Marikannan,Logachander', 'Raghuraman,Anantharaman', '10264891', 'G700237', NULL, NULL, NULL, 2, 2, '2017-08-03 05:36:14'),
(10, 'Kandathil,Abu Skaria', 'Fritsch,Karl', '10189342', 'G700098', NULL, NULL, NULL, 2, 2, '2017-08-03 05:36:14'),
(11, 'Chandrasekaran,Malarkodi', 'Ganesan,Ramesh Kumar', '10320561', 'G702272', NULL, NULL, NULL, 2, 2, '2017-08-03 05:36:14'),
(12, 'Arumugam,Vigneshwaran', 'Sundararajan,Navaneetharajan', '10322767', 'G702271', NULL, NULL, NULL, 2, 2, '2017-08-03 05:36:14'),
(13, 'Ganesan,Prathiba', 'Morais,Manuel Desmond', '10324269', 'G702284', NULL, NULL, NULL, 2, 2, '2017-08-03 05:36:14'),
(14, 'Nandhagopal,Poornima', 'Morais,Manuel Desmond', '10324270', 'G702285', NULL, NULL, NULL, 2, 2, '2017-08-03 05:36:14'),
(15, 'Harikrishnan,Santhosh', 'Gnanaprakasam,Sathiya Manikandan', '10324341', 'G702287', NULL, NULL, NULL, 2, 2, '2017-08-03 05:36:15'),
(16, 'Ramarasu,Arunraj', 'Gnanaprakasam,Sathiya Manikandan', '10324342', 'G702288', NULL, NULL, NULL, 2, 2, '2017-08-03 05:36:15'),
(17, 'Sridhar,Vignesh', 'Perumal,Nagarajan', '10324343', 'G702289', NULL, NULL, NULL, 2, 2, '2017-08-03 05:36:15'),
(18, 'Pandian,Vivekanandhan Raja', 'Subramanian,Sathish Kumar', '10324869', 'G702292', NULL, NULL, NULL, 2, 2, '2017-08-03 05:36:15'),
(19, 'Rajendran,Suresh', 'Ganesan,Ramesh Kumar', '10324866', 'G702290', NULL, NULL, NULL, 2, 2, '2017-08-03 05:36:15'),
(20, 'Mathivanan,Thirunavukkarasu', 'Morais,Manuel Desmond', '10324868', 'G702291', NULL, NULL, NULL, 2, 2, '2017-08-03 05:36:15'),
(21, 'Shanmugasundaram,Rathna Kumar', 'Khurana,Nandita', '10299228', 'G702273', NULL, NULL, NULL, 2, 2, '2017-08-03 05:36:15'),
(22, 'Nagabooshnam,Ajithkumar', 'Morais,Manuel Desmond', '10324340', 'G702286', NULL, NULL, NULL, 2, 2, '2017-08-03 05:36:15'),
(23, 'Chandran,Ajith Kumar', 'Subramanian,Sathish Kumar', '10325706', 'G702301', NULL, NULL, NULL, 2, 2, '2017-08-03 05:36:15'),
(24, 'Baskar,Balaji', 'Selvakumarasamy,Jagadish', '10325679', 'G702298', NULL, NULL, NULL, 2, 2, '2017-08-03 05:36:15'),
(25, 'Venkatesan,Aravind Raj', 'Gnanaprakasam,Sathiya Manikandan', '10325681', 'G702299', NULL, NULL, NULL, 2, 2, '2017-08-03 05:36:15'),
(26, 'Govardhanan,Jagadeesh', 'Meeran,Sabeer', '10325707', 'G702302', NULL, NULL, NULL, 2, 2, '2017-08-03 05:36:15'),
(27, 'Raman,Radha Venkata', 'Morais,Manuel Desmond', '10325712', 'G702307', NULL, NULL, NULL, 2, 2, '2017-08-03 05:36:15'),
(28, 'Babu,Prasanth', 'Ramanujam,Srinivasan', '10325713', 'G702308', NULL, NULL, NULL, 2, 2, '2017-08-03 05:36:15'),
(29, 'Subramani,Kumaresan', 'Vedhaiyan,Anand', '10325751', 'G702312', NULL, NULL, NULL, 2, 2, '2017-08-03 05:36:15'),
(30, 'Nagarathinam,Pramila', 'Vedhaiyan,Anand', '10325752', 'G702313', NULL, NULL, NULL, 2, 2, '2017-08-03 05:36:15'),
(31, 'Ramadass,Tamilarasan', 'Sivagnanam,Sampath Kumar', '10325753', 'G702314', NULL, NULL, NULL, 2, 2, '2017-08-03 05:36:15'),
(32, 'Rose,Umapathy', 'Sivagnanam,Sampath Kumar', '10325755', 'G702315', NULL, NULL, NULL, 2, 2, '2017-08-03 05:36:15'),
(33, 'Lakshmanan,Saravanan', 'Karuppaiah,Gajarajan', '10325756', 'G702316', NULL, NULL, NULL, 2, 2, '2017-08-03 05:36:15'),
(34, 'Esra Samuel,Jeba Rajesh', 'Babu,Anand', '10285870', 'G700891', NULL, NULL, NULL, 2, 2, '2017-08-03 05:36:15'),
(35, 'Nallakaruppan,Muthuvairavan', 'Subramanian,Sathish Kumar', '10325598', 'G702294', NULL, NULL, NULL, 2, 2, '2017-08-03 05:36:15'),
(36, 'Raja,Rajkumaran', 'Subramanian,Sathish Kumar', '10325708', 'G702303', NULL, NULL, NULL, 2, 2, '2017-08-03 05:36:15'),
(37, 'Sivadoss,Nithin', 'Subramanian,Sathish Kumar', '10325710', 'G702305', NULL, NULL, NULL, 2, 2, '2017-08-03 05:36:15'),
(38, 'Pandian,Mahendra Kumar', 'Subramanian,Sathish Kumar', '10325711', 'G702306', NULL, NULL, NULL, 2, 2, '2017-08-03 05:36:15'),
(39, 'Mani,Sugumar', 'Vedhaiyan,Anand', '10325749', 'G702310', NULL, NULL, NULL, 2, 2, '2017-08-03 05:36:15'),
(40, 'Dasarathan,Likitha', 'Muniraj,Prabeshwar', '10325750', 'G702311', NULL, NULL, NULL, 2, 2, '2017-08-03 05:36:15'),
(41, 'Subramani,Vijayan', 'Muniraj,Prabeshwar', '10325757', 'G702317', NULL, NULL, NULL, 2, 2, '2017-08-03 05:36:15'),
(42, 'Sekar,Lokesh', 'Gnanaprakasam,Sathiya Manikandan', '10326412', 'G702322', NULL, NULL, NULL, 2, 2, '2017-08-03 05:36:16'),
(43, 'Murugan,Vasanthakumar', 'Gnanaprakasam,Sathiya Manikandan', '10326413', 'G702323', NULL, NULL, NULL, 2, 2, '2017-08-03 05:36:16'),
(44, 'Shivaiya,Balaji', 'Gnanaprakasam,Sathiya Manikandan', '10326414', 'G702324', NULL, NULL, NULL, 2, 2, '2017-08-03 05:36:16'),
(45, 'Deenadayalan,Kaviya', 'Selvakumarasamy,Jagadish', '10326416', 'G702325', NULL, NULL, NULL, 2, 2, '2017-08-03 05:36:16'),
(46, 'Sekar,Niranjan', 'Gnanaprakasam,Sathiya Manikandan', '10326417', 'G702326', NULL, NULL, NULL, 2, 2, '2017-08-03 05:36:16'),
(47, 'Selladurai,Suresh', 'Vanathu Chinnappan,Senthil Kumar', '10326468', 'G702328', NULL, NULL, NULL, 2, 2, '2017-08-03 05:36:16'),
(48, 'V V,Anoop Kunhikrishnan', 'Vadivelu,Kishonth', '10326469', 'G702329', NULL, NULL, NULL, 2, 2, '2017-08-03 05:36:16'),
(49, 'Murugesan,Senthil', 'Falter,Jean-Luc', '10189295', 'G700171', NULL, NULL, NULL, 2, 2, '2017-08-03 05:36:16'),
(50, 'MANICKAM,Pragadeesh', 'Lakshmanan,Ganesh Kumar', '10234912', 'G200193', NULL, NULL, NULL, 2, 2, '2017-08-03 05:36:16'),
(51, 'Basha A,Kadhar', 'Lakshmanan,Ganesh Kumar', '10245457', 'G700179', NULL, NULL, NULL, 2, 2, '2017-08-03 05:36:16'),
(52, 'Kolavi,Mahesh', 'Narayanan,Thirumurubaghu', '10248232', 'G700011', NULL, NULL, NULL, 2, 2, '2017-08-03 05:36:16'),
(53, 'Rajendran,Raveendran', 'Subramaniam,Sivakumar', '10248233', 'G700012', NULL, NULL, NULL, 2, 2, '2017-08-03 05:36:16'),
(54, 'Bazar,Chiranjeevi', 'Bhuvarahamurthy,Ranganathan', '10248235', 'G700010', NULL, NULL, NULL, 2, 2, '2017-08-03 05:36:16'),
(55, 'Shankar,Karthikeyan', 'Chellappa,Rajesh', '10248328', 'G700016', NULL, NULL, NULL, 2, 2, '2017-08-03 05:36:16'),
(56, 'Jeevanandham,Arun', 'Patil,Kalyan G', '10248440', 'G700019', NULL, NULL, NULL, 2, 2, '2017-08-03 05:36:16'),
(57, 'Muthaian,Ramkumar', 'Shankar,Karthikeyan', '10248442', 'G700021', NULL, NULL, NULL, 2, 2, '2017-08-03 05:36:16'),
(58, 'Mohapatra,Pranaya Kumar', 'Renavikar,Atul', '10248464', 'G700017', NULL, NULL, NULL, 2, 2, '2017-08-03 05:36:16'),
(59, 'Swaminathan,Suresh', 'Bhuvarahamurthy,Ranganathan', '10248819', 'G700024', NULL, NULL, NULL, 2, 2, '2017-08-03 05:36:16'),
(60, 'Balu,Raju', 'Raghuraman,Anantharaman', '10248826', 'G700023', NULL, NULL, NULL, 2, 2, '2017-08-03 05:36:16'),
(61, 'Ponnuswamy,Venkatesh', 'Narayanan,Thirumurubaghu', '10248828', 'G700022', NULL, NULL, NULL, 2, 2, '2017-08-03 05:36:16'),
(62, 'Rajendran,Mohan', 'Falter,Jean-Luc', '10249243', 'G700030', NULL, NULL, NULL, 2, 2, '2017-08-03 05:36:16'),
(63, 'Kalluvalipil Gopalakrishnan,Hemalatha', 'Subramanian,Balamurugan', '10249777', 'G700036', NULL, NULL, NULL, 2, 2, '2017-08-03 05:36:16'),
(64, 'Kuniyil Raghavan,Hemaraj', 'Renavikar,Atul', '10250005', 'G700037', NULL, NULL, NULL, 2, 2, '2017-08-03 05:36:17'),
(65, 'Ayyappan,Siva Sakthi', 'Muthukrishnan,Selvam', '10250092', 'G700040', NULL, NULL, NULL, 2, 2, '2017-08-03 05:36:17'),
(66, 'Ramasamy,Ilam Bharathi', 'Variyar,Ajay Achankulankara', '10250109', 'G700039', NULL, NULL, NULL, 2, 2, '2017-08-03 05:36:17'),
(67, 'Achari,Vijaya Krishnan', 'Renavikar,Atul', '10251410', 'G700041', NULL, NULL, NULL, 2, 2, '2017-08-03 05:36:17'),
(68, 'Ponnuswamy,Venkatesan', 'Bhuvarahamurthy,Ranganathan', '10251417', 'G700042', NULL, NULL, NULL, 2, 2, '2017-08-03 05:36:17'),
(69, 'Variyar,Ajay Achankulankara', 'Muthukrishnan,Selvam', '10251468', 'G700650', NULL, NULL, NULL, 2, 2, '2017-08-03 05:36:17'),
(70, 'Subramaniam,Sivakumar', 'Bhuvarahamurthy,Ranganathan', '10252637', 'G700058', NULL, NULL, NULL, 2, 2, '2017-08-03 05:36:17'),
(71, 'Rajappa,Maharajah', 'Malaleuge,David', '10252653', 'G700068', NULL, NULL, NULL, 2, 2, '2017-08-03 05:36:17'),
(72, 'Panchalingam,BabuPrakash', 'Selvaraj,Karthikeyan', '10253066', 'G700072', NULL, NULL, NULL, 2, 2, '2017-08-03 05:36:17'),
(73, 'Maharabhushnum,Rajesh Khanna', 'Renavikar,Atul', '10253072', 'G700074', NULL, NULL, NULL, 2, 2, '2017-08-03 05:36:17'),
(74, 'THILLAIGOVINDHAN,Ashok Kumar', 'Renavikar,Atul', '10253830', 'G700075', NULL, NULL, NULL, 2, 2, '2017-08-03 05:36:17'),
(75, 'Natarajan,Ganesh', 'Babu,Anand', '10253978', 'G700095', NULL, NULL, NULL, 2, 2, '2017-08-03 05:36:17'),
(76, 'Subburam,Vinoodh Kumar', 'Subramaniam,Sivakumar', '10253979', 'G700096', NULL, NULL, NULL, 2, 2, '2017-08-03 05:36:17'),
(77, 'Saifudeen,Hisham', 'Larriere,Daniel', '10254903', 'G700111', NULL, NULL, NULL, 2, 2, '2017-08-03 05:36:17'),
(78, 'Bhuvarahamurthy,Ranganathan', 'Renavikar,Atul', '10255183', 'G700125', NULL, NULL, NULL, 2, 2, '2017-08-03 05:36:17'),
(79, 'Maheswaran,Andy', 'Subramanian,Balamurugan', '10257250', 'G700135', NULL, NULL, NULL, 2, 2, '2017-08-03 05:36:17'),
(80, 'Raju,Prasad', 'Chellappa,Rajesh', '10257427', 'G700141', NULL, NULL, NULL, 2, 2, '2017-08-03 05:36:17'),
(81, 'Raman,Sambath', 'Babu,Anand', '10257429', 'G700136', NULL, NULL, NULL, 2, 2, '2017-08-03 05:36:17'),
(82, 'Jayakumar,Srikant', 'Madhavan,Kasiraman', '10257934', 'G700152', NULL, NULL, NULL, 2, 2, '2017-08-03 05:36:17'),
(83, 'Natarajan Bhargavi,Santhosh', 'Larriere,Daniel', '10258478', 'G700149', NULL, NULL, NULL, 2, 2, '2017-08-03 05:36:17'),
(84, 'Sundaram,Meenakchi', 'Lakshmanan,Ganesh Kumar', '10258482', 'G700158', NULL, NULL, NULL, 2, 2, '2017-08-03 05:36:17'),
(85, 'Selvaraj,Karthikeyan', 'Maharabhushnum,Rajesh Khanna', '10258483', 'G700160', NULL, NULL, NULL, 2, 2, '2017-08-03 05:36:17'),
(86, 'Murugan,Vinod Thiagarajan', 'Lakshmanan,Ganesh Kumar', '10259446', 'G700157', NULL, NULL, NULL, 2, 2, '2017-08-03 05:36:17'),
(87, 'Ramachandran,Jothiraman', 'Madhavan,Kasiraman', '10259448', 'G700162', NULL, NULL, NULL, 2, 2, '2017-08-03 05:36:18'),
(88, 'Kamal Basha,Nasurudheen', 'Kolavi,Mahesh', '10259450', 'G700165', NULL, NULL, NULL, 2, 2, '2017-08-03 05:36:18'),
(89, 'Sankarapandian,Balamurugan', 'Falter,Jean-Luc', '10259453', 'G700168', NULL, NULL, NULL, 2, 2, '2017-08-03 05:36:18'),
(90, 'Varadarajan,Murali Manohar', 'Renavikar,Atul', '10259454', 'G700170', NULL, NULL, NULL, 2, 2, '2017-08-03 05:36:18'),
(91, 'Abdul Rasak,Ansarudeen', 'Rajendran,Raveendran', '10260213', 'G700710', NULL, NULL, NULL, 2, 2, '2017-08-03 05:36:18'),
(92, 'MUKUNDAN,Madhava Krishnen', 'Raghuraman,Anantharaman', '10260215', 'G700188', NULL, NULL, NULL, 2, 2, '2017-08-03 05:36:18'),
(93, 'Jalaludeen,Mohamed Hasan', 'Gengadharan,Mageshwaran', '10260217', 'G700186', NULL, NULL, NULL, 2, 2, '2017-08-03 05:36:18'),
(94, 'Logabiraman,Mohan Babu', 'Pasupatham,Sundararaman', '10260220', 'G700187', NULL, NULL, NULL, 2, 2, '2017-08-03 05:36:18'),
(95, 'Murugesan,Ramamoorthy', 'Bazar,Chiranjeevi', '10260221', 'G700177', NULL, NULL, NULL, 2, 2, '2017-08-03 05:36:18'),
(96, 'Subramaniyan,Saravanan', 'Manimangalam,Yogesh Kumar', '10260225', 'G701112', NULL, NULL, NULL, 2, 2, '2017-08-03 05:36:18'),
(97, 'Kalyana Sundaram,Sridharen', 'Raju,Prasad', '10260226', 'G700661', NULL, NULL, NULL, 2, 2, '2017-08-03 05:36:18'),
(98, 'Arumugam,Sivaraj', 'Ponnuswamy,Venkatesh', '10260229', 'G700603', NULL, NULL, NULL, 2, 2, '2017-08-03 05:36:18'),
(99, 'Vijayan,Soundara Pandian', 'Kalidasan,Sudhakar', '10260230', 'G701122', NULL, NULL, NULL, 2, 2, '2017-08-03 05:36:18'),
(100, 'Khaderbaba,Riyaz Sheik', 'Maharabhushnum,Rajesh Khanna', '10260232', 'G700167', NULL, NULL, NULL, 2, 2, '2017-08-03 05:36:18'),
(101, 'Kalidasan,Sudhakar', 'Bhuvarahamurthy,Ranganathan', '10260282', 'G700192', NULL, NULL, NULL, 2, 2, '2017-08-03 05:36:18'),
(102, 'Muthukrishnan,Selvam', 'Hill,Jean-Richard', '10260831', 'G700199', NULL, NULL, NULL, 2, 2, '2017-08-03 05:36:18'),
(103, 'Elangovan,Rajkumar', 'Sreedharan,Pirjit Maravapatti', '10261057', 'G700195', NULL, NULL, NULL, 2, 2, '2017-08-03 05:36:18'),
(104, 'Srinivasan,Thirumalai', 'Achari,Vijaya Krishnan', '10261660', 'G701114', NULL, NULL, NULL, 2, 2, '2017-08-03 05:36:18'),
(105, 'Thomas,Joseph Arun Kumar', 'Lakshmanan,Ganesh Kumar', '10261662', 'G701125', NULL, NULL, NULL, 2, 2, '2017-08-03 05:36:18'),
(106, 'Balaraman,Arun', 'Rajendran,Raveendran', '10261664', 'G700712', NULL, NULL, NULL, 2, 2, '2017-08-03 05:36:18'),
(107, 'Sundarraj,John Thomas', 'Kolavi,Mahesh', '10261665', 'G700597', NULL, NULL, NULL, 2, 2, '2017-08-03 05:36:18'),
(108, 'Kannaiyan,Ilayaraja', 'Kolavi,Mahesh', '10261667', 'G700613', NULL, NULL, NULL, 2, 2, '2017-08-03 05:36:18'),
(109, 'Velu,Kumar', 'Selvaraj,Karthikeyan', '10261668', 'G700620', NULL, NULL, NULL, 2, 2, '2017-08-03 05:36:18'),
(110, 'Ramasamy,Eswaramoorthy', 'Maharabhushnum,Rajesh Khanna', '10261883', 'G700191', NULL, NULL, NULL, 2, 2, '2017-08-03 05:36:18'),
(111, 'Abdul,Mohamed Safeeq', 'Thiagarajan,Nirmal Kumar', '10261884', 'G700207', NULL, NULL, NULL, 2, 2, '2017-08-03 05:36:18'),
(112, 'Sampath,Rajkumar', 'Thibout,Christophe', '10261886', 'G700206', NULL, NULL, NULL, 2, 2, '2017-08-03 05:36:19'),
(113, 'Mani,Venkkatasalam', 'Ponnuswamy,Venkatesh', '10261887', 'G700203', NULL, NULL, NULL, 2, 2, '2017-08-03 05:36:19'),
(114, 'Narayanasamy,Ravisankar', 'Gupta,Rajesh Kumar', '10261891', 'G700202', NULL, NULL, NULL, 2, 2, '2017-08-03 05:36:19'),
(115, 'Nagapandi,Durgeshwaran', 'Selvaraj,Karthikeyan', '10263108', 'G700672', NULL, NULL, NULL, 2, 2, '2017-08-03 05:36:19'),
(116, 'Dhandapani,Murugan', 'Pasupatham,Sundararaman', '10263109', 'G700560', NULL, NULL, NULL, 2, 2, '2017-08-03 05:36:19'),
(117, 'Venugopal,Rajesh', 'Raju,Prasad', '10263110', 'G700658', NULL, NULL, NULL, 2, 2, '2017-08-03 05:36:19'),
(118, 'Balasubramaniyan,Ashokkumar', 'Selvaraj,Karthikeyan', '10263114', 'G700635', NULL, NULL, NULL, 2, 2, '2017-08-03 05:36:19'),
(119, 'Subramanian,Jaganathan', 'Achari,Vijaya Krishnan', '10263120', 'G700906', NULL, NULL, NULL, 2, 2, '2017-08-03 05:36:19'),
(120, 'Khaja Mohideen,Mohammed Rafi', 'Thiagarajan,Nirmal Kumar', '10263148', 'G700220', NULL, NULL, NULL, 2, 2, '2017-08-03 05:36:19'),
(121, 'Thervoy Chockappa,Karthikeyan', 'Subramanian,Balamurugan', '10263154', 'G700221', NULL, NULL, NULL, 2, 2, '2017-08-03 05:36:19'),
(122, 'Dharmalingam,Karthik', 'Murugesan,Ramamoorthy', '10263155', 'G700222', NULL, NULL, NULL, 2, 2, '2017-08-03 05:36:19'),
(123, 'Dharmarajan,Kathiravan', 'Madhavan,Kasiraman', '10263157', 'G700224', NULL, NULL, NULL, 2, 2, '2017-08-03 05:36:19'),
(124, 'Nagarajan,PratapKumar', 'Thibout,Christophe', '10263732', 'G701056', NULL, NULL, NULL, 2, 2, '2017-08-03 05:36:19'),
(125, 'Ramanathan,Karuppuchamy', 'Pasupatham,Sundararaman', '10264026', 'G700566', NULL, NULL, NULL, 2, 2, '2017-08-03 05:36:19'),
(126, 'Johnson,Merlin Gerald', 'Pasupatham,Sundararaman', '10264027', 'G700563', NULL, NULL, NULL, 2, 2, '2017-08-03 05:36:19'),
(127, 'Nadarajan,Manikandan', 'Kolavi,Mahesh', '10264029', 'G700605', NULL, NULL, NULL, 2, 2, '2017-08-03 05:36:19'),
(128, 'Murugesan,Balachandar', 'Raju,Prasad', '10264031', 'G700660', NULL, NULL, NULL, 2, 2, '2017-08-03 05:36:19'),
(129, 'Jayapal,Damodaran', 'Selvaraj,Karthikeyan', '10264032', 'G700636', NULL, NULL, NULL, 2, 2, '2017-08-03 05:36:19'),
(130, 'Babu,Dinesh', 'Raju,Prasad', '10264033', 'G700621', NULL, NULL, NULL, 2, 2, '2017-08-03 05:36:19'),
(131, 'Narayanan,Madhavan', 'Muthukrishnan,Selvam', '10264888', 'G700211', NULL, NULL, NULL, 2, 2, '2017-08-03 05:36:19'),
(132, 'Goyal,Anshul', 'Ponnuswamy,Venkatesan', '10264889', 'G700227', NULL, NULL, NULL, 2, 2, '2017-08-03 05:36:19'),
(133, 'Sambantham,Prakash', 'Raghuraman,Anantharaman', '10264890', 'G700229', NULL, NULL, NULL, 2, 2, '2017-08-03 05:36:19'),
(134, 'Arogyasami,Mannar Mannan', 'Kuniyil Raghavan,Hemaraj', '10264892', 'G700235', NULL, NULL, NULL, 2, 2, '2017-08-03 05:36:19'),
(135, 'Panchavarnam,Yuvaraja', 'Kasimariappan,Raguraman', '10264893', 'G700231', NULL, NULL, NULL, 2, 2, '2017-08-03 05:36:19'),
(136, 'Lakshmanan,Ganesh Kumar', 'Kumar,Sanjeev', '10264948', 'G700232', NULL, NULL, NULL, 2, 2, '2017-08-03 05:36:20'),
(137, 'Chinnadurai,Karunakaran', 'Ponnuswamy,Venkatesh', '10265029', 'G700669', NULL, NULL, NULL, 2, 2, '2017-08-03 05:36:20'),
(138, 'Selvaraj,Mageshkumar', 'Pasupatham,Sundararaman', '10265031', 'G700564', NULL, NULL, NULL, 2, 2, '2017-08-03 05:36:20'),
(139, 'Balakrishnan,Ashok', 'Shankar,Karthikeyan', '10265033', 'G700673', NULL, NULL, NULL, 2, 2, '2017-08-03 05:36:20'),
(140, 'Michael,Mohan Aldrin', 'Raju,Prasad', '10265035', 'G700626', NULL, NULL, NULL, 2, 2, '2017-08-03 05:36:20'),
(141, 'Ravindran,Karthik', 'Kolavi,Mahesh', '10265047', 'G700614', NULL, NULL, NULL, 2, 2, '2017-08-03 05:36:20'),
(142, 'Sankarasubramanian,Hariharan', 'Khaderbaba,Riyaz Sheik', '10265050', 'G700758', NULL, NULL, NULL, 2, 2, '2017-08-03 05:36:20'),
(143, 'Kandasamy,Rameshkumar', 'Kaliaperumal,Prabhu Shankar Ethiraj', '10265053', 'G700668', NULL, NULL, NULL, 2, 2, '2017-08-03 05:36:20'),
(144, 'Saminathan,Anantha Murugan', 'Madhavan,Kasiraman', '10265318', 'G700248', NULL, NULL, NULL, 2, 2, '2017-08-03 05:36:20'),
(145, 'Raghuraman,Anantharaman', 'Maharabhushnum,Rajesh Khanna', '10265321', 'G700251', NULL, NULL, NULL, 2, 2, '2017-08-03 05:36:20'),
(146, 'Sukumaran,Sathish Kumar', 'Thibout,Christophe', '10265327', 'G700259', NULL, NULL, NULL, 2, 2, '2017-08-03 05:36:20'),
(147, 'Kamalakannan,Baskar', 'Sreedharan,Pirjit Maravapatti', '10265328', 'G700210', NULL, NULL, NULL, 2, 2, '2017-08-03 05:36:20'),
(148, 'Kasimariappan,Raguraman', 'Kalidasan,Sudhakar', '10265331', 'G700246', NULL, NULL, NULL, 2, 2, '2017-08-03 05:36:20'),
(149, 'Dhandapani,Jaiganesh', 'Kolavi,Mahesh', '10265333', 'G700270', NULL, NULL, NULL, 2, 2, '2017-08-03 05:36:20'),
(150, 'Elumalai,Senthilkumar', 'Dayalan,Gowri Balu', '10266094', 'G700255', NULL, NULL, NULL, 2, 2, '2017-08-03 05:36:20'),
(151, 'Dayalan,Gowri Balu', 'Falter,Jean-Luc', '10266121', 'G700253', NULL, NULL, NULL, 2, 2, '2017-08-03 05:36:20'),
(152, 'Gengadharan,Mageshwaran', 'Maharabhushnum,Rajesh Khanna', '10266123', 'G700269', NULL, NULL, NULL, 2, 2, '2017-08-03 05:36:20'),
(153, 'Muthalif,Abdul Anwar', 'Murugesan,Senthil', '10266125', 'G700266', NULL, NULL, NULL, 2, 2, '2017-08-03 05:36:20'),
(154, 'Ameerdheen,Imthiaz', 'Benoit,Gerald Joseph', '10266128', 'G700267', NULL, NULL, NULL, 2, 2, '2017-08-03 05:36:20'),
(155, 'Kandhan,Arun Karthick', 'Pasupatham,Sundararaman', '10266518', 'G700647', NULL, NULL, NULL, 2, 2, '2017-08-03 05:36:20'),
(156, 'Dharmalingam,Raghu', 'Ponnuswamy,Venkatesh', '10266521', 'G700670', NULL, NULL, NULL, 2, 2, '2017-08-03 05:36:20'),
(157, 'Mohan,Vigneshwar', 'Shankar,Karthikeyan', '10266522', 'G700610', NULL, NULL, NULL, 2, 2, '2017-08-03 05:36:20'),
(158, 'Arunachalam,Vijay', 'Khaderbaba,Riyaz Sheik', '10266523', 'G700691', NULL, NULL, NULL, 2, 2, '2017-08-03 05:36:20'),
(159, 'Sivadhas,Paramesh', 'Kolavi,Mahesh', '10266561', 'G700760', NULL, NULL, NULL, 2, 2, '2017-08-03 05:36:20'),
(160, 'Jaganathan,Vinoth', 'Khaderbaba,Riyaz Sheik', '10266562', 'G700617', NULL, NULL, NULL, 2, 2, '2017-08-03 05:36:20'),
(161, 'Vijayan,Vishnu', 'Kolavi,Mahesh', '10266563', 'G700602', NULL, NULL, NULL, 2, 2, '2017-08-03 05:36:20'),
(162, 'Nagarajan,Naganathan', 'Kolavi,Mahesh', '10266567', 'G700759', NULL, NULL, NULL, 2, 2, '2017-08-03 05:36:21'),
(163, 'Vadivel,Muruganandham', 'Swaminathan,Suresh', '10266847', 'G700278', NULL, NULL, NULL, 2, 2, '2017-08-03 05:36:21'),
(164, 'Kasinathan,Balaji', 'Goyal,Anshul', '10266851', 'G700274', NULL, NULL, NULL, 2, 2, '2017-08-03 05:36:21'),
(165, 'Jayaprakasam,Bhuvanesh', 'Dayalan,Gowri Balu', '10266853', 'G700283', NULL, NULL, NULL, 2, 2, '2017-08-03 05:36:21'),
(166, 'Vilvamani,Suresh', 'Murugesan,Ramamoorthy', '10266854', 'G700230', NULL, NULL, NULL, 2, 2, '2017-08-03 05:36:21'),
(167, 'Jagadeesan,Sivakumar', 'Dayalan,Gowri Balu', '10266855', 'G700250', NULL, NULL, NULL, 2, 2, '2017-08-03 05:36:21'),
(168, 'Ramesh,Sandeep', 'Bhuvarahamurthy,Ranganathan', '10266856', 'G700275', NULL, NULL, NULL, 2, 2, '2017-08-03 05:36:21'),
(169, 'Ramasamy,Babu Raja', 'Pasupatham,Sundararaman', '10267658', 'G700286', NULL, NULL, NULL, 2, 2, '2017-08-03 05:36:21'),
(170, 'James,Immanuel Prithvi', 'Madhavan,Kasiraman', '10267661', 'G700285', NULL, NULL, NULL, 2, 2, '2017-08-03 05:36:21'),
(171, 'Rajeswari,Sheena', 'Larriere,Daniel', '10267665', 'G700290', NULL, NULL, NULL, 2, 2, '2017-08-03 05:36:21'),
(172, 'Narayanan,Thirumurubaghu', 'Bhuvarahamurthy,Ranganathan', '10267674', 'G700284', NULL, NULL, NULL, 2, 2, '2017-08-03 05:36:21'),
(173, 'Gopinathan,Suresh', 'Shankar,Karthikeyan', '10268088', 'G700748', NULL, NULL, NULL, 2, 2, '2017-08-03 05:36:21'),
(174, 'Nagarajan,Senthilkumar', 'Kolavi,Mahesh', '10268092', 'G700757', NULL, NULL, NULL, 2, 2, '2017-08-03 05:36:21'),
(175, 'Murugan,Kanaga Priya', 'Lenin,Elankumaran', '10268271', 'G700663', NULL, NULL, NULL, 2, 2, '2017-08-03 05:36:21'),
(176, 'Subbarayan,Satish', 'Shankar,Karthikeyan', '10268288', 'G700666', NULL, NULL, NULL, 2, 2, '2017-08-03 05:36:21'),
(177, 'Vijayan,Mohan Priya', 'Raju,Prasad', '10268290', 'G700622', NULL, NULL, NULL, 2, 2, '2017-08-03 05:36:21'),
(178, 'Muthu,Rajasekar', 'Shankar,Karthikeyan', '10268294', 'G700664', NULL, NULL, NULL, 2, 2, '2017-08-03 05:36:21'),
(179, 'Janardhanam,Karthikeyan', 'Raju,Prasad', '10268295', 'G700692', NULL, NULL, NULL, 2, 2, '2017-08-03 05:36:21'),
(180, 'Salahuddin,Naina Mohamed Ghoose', 'Lenin,Elankumaran', '10268296', 'G700623', NULL, NULL, NULL, 2, 2, '2017-08-03 05:36:21'),
(181, 'Umapathy,Ashok', 'Shankar,Karthikeyan', '10268297', 'G700743', NULL, NULL, NULL, 2, 2, '2017-08-03 05:36:21'),
(182, 'Natarajan,Naveen', 'Khaderbaba,Riyaz Sheik', '10268320', 'G700322', NULL, NULL, NULL, 2, 2, '2017-08-03 05:36:21'),
(183, 'Selvanayagam,Saravanakumar', 'Falter,Jean-Luc', '10268321', 'G700333', NULL, NULL, NULL, 2, 2, '2017-08-03 05:36:21'),
(184, 'Sampath,Muthukumaran', 'Gnanaprakasam,Sathiya Manikandan', '10268901', 'G701052', NULL, NULL, NULL, 2, 2, '2017-08-03 05:36:22'),
(185, 'Ramalingam Subbaraya,Dinakaran', 'Pasupatham,Sundararaman', '10268902', 'G700646', NULL, NULL, NULL, 2, 2, '2017-08-03 05:36:22'),
(186, 'Giriraj,Vijaykarthik', 'Lenin,Elankumaran', '10268904', 'G700625', NULL, NULL, NULL, 2, 2, '2017-08-03 05:36:22'),
(187, 'Arunachalam,Manickam', 'Khaderbaba,Riyaz Sheik', '10268906', 'G700772', NULL, NULL, NULL, 2, 2, '2017-08-03 05:36:22'),
(188, 'Ravikumar,Kanimozhi', 'Pasupatham,Sundararaman', '10268908', 'G700565', NULL, NULL, NULL, 2, 2, '2017-08-03 05:36:22'),
(189, 'Sarangapani,Karthikeyan Ramanathan', 'Manimangalam,Yogesh Kumar', '10268912', 'G700343', NULL, NULL, NULL, 2, 2, '2017-08-03 05:36:22'),
(190, 'Divakaran,Deepak', 'Madhavan,Kasiraman', '10268916', 'G700316', NULL, NULL, NULL, 2, 2, '2017-08-03 05:36:22'),
(191, 'Joy,Dino', 'Larriere,Daniel', '10268917', 'G700320', NULL, NULL, NULL, 2, 2, '2017-08-03 05:36:22'),
(192, 'Meenakshisundaram,Senthil', 'Murugesan,Senthil', '10268921', 'G700317', NULL, NULL, NULL, 2, 2, '2017-08-03 05:36:22'),
(193, 'Sampath,Saravanan', 'Raju,Prasad', '10268922', 'G700321', NULL, NULL, NULL, 2, 2, '2017-08-03 05:36:22'),
(194, 'Rajamoorthy,Rajkumar', 'Khaderbaba,Riyaz Sheik', '10269696', 'G700334', NULL, NULL, NULL, 2, 2, '2017-08-03 05:36:22'),
(195, 'Gopal,Elangovan', 'Dayalan,Gowri Balu', '10269701', 'G700332', NULL, NULL, NULL, 2, 2, '2017-08-03 05:36:22'),
(196, 'Arumugan,Navaneetha Krishnan', 'Subramanian,Balamurugan', '10269704', 'G700348', NULL, NULL, NULL, 2, 2, '2017-08-03 05:36:22'),
(197, 'Satpathy,Anurag', 'Kuniyil Raghavan,Hemaraj', '10269707', 'G700303', NULL, NULL, NULL, 2, 2, '2017-08-03 05:36:22'),
(198, 'Gopal Durairaj,Hemavathy', 'Madhavan,Kasiraman', '10269713', 'G700330', NULL, NULL, NULL, 2, 2, '2017-08-03 05:36:22'),
(199, 'Subramaniyan,Chandrasekaran', 'Pasupatham,Sundararaman', '10269942', 'G700644', NULL, NULL, NULL, 2, 2, '2017-08-03 05:36:22'),
(200, 'Ramanathan,Periyakaruppan', 'Selvaraj,Karthikeyan', '10269943', 'G700634', NULL, NULL, NULL, 2, 2, '2017-08-03 05:36:22'),
(201, 'Bakthavatchalam,Govardhanan', 'Kolavi,Mahesh', '10269945', 'G700611', NULL, NULL, NULL, 2, 2, '2017-08-03 05:36:22'),
(202, 'Subramani,Senthil', 'Pasupatham,Sundararaman', '10269951', 'G700645', NULL, NULL, NULL, 2, 2, '2017-08-03 05:36:22'),
(203, 'Govindan,Karthikeyan', 'Raju,Prasad', '10269952', 'G700763', NULL, NULL, NULL, 2, 2, '2017-08-03 05:36:22'),
(204, 'Senapathi,Sathish', 'Selvaraj,Karthikeyan', '10269955', 'G700631', NULL, NULL, NULL, 2, 2, '2017-08-03 05:36:23'),
(205, 'Janardhanan,Sandeep', 'Vadivelu,Kishonth', '10269956', 'G700665', NULL, NULL, NULL, 2, 2, '2017-08-03 05:36:23'),
(206, 'Anbalakan,Aravazhi', 'Pasupatham,Sundararaman', '10269957', 'G700628', NULL, NULL, NULL, 2, 2, '2017-08-03 05:36:23'),
(207, 'Das,Susil Kumar', 'Ghayal,Saiprasad', '10270181', 'G701504', NULL, NULL, NULL, 2, 2, '2017-08-03 05:36:23'),
(208, 'Chellappa,Rajesh', 'Bhuvarahamurthy,Ranganathan', '10270208', 'G700353', NULL, NULL, NULL, 2, 2, '2017-08-03 05:36:23'),
(209, 'Sankaran,Prakash', 'Benoit,Gerald Joseph', '10270209', 'G700358', NULL, NULL, NULL, 2, 2, '2017-08-03 05:36:23'),
(210, 'Chidambaram,Sathish', 'Bodelot,Valéry', '10270210', 'G701008', NULL, NULL, NULL, 2, 2, '2017-08-03 05:36:23'),
(211, 'Ramaswamy,Rakesh Chithraputhran', 'Goyal,Anshul', '10270211', 'G700354', NULL, NULL, NULL, 2, 2, '2017-08-03 05:36:23'),
(212, 'Ramalingam,Kalaiselvan', 'Ponnuswamy,Venkatesh', '10270212', 'G700351', NULL, NULL, NULL, 2, 2, '2017-08-03 05:36:23'),
(213, 'Gnanasekaran,Girirajan', 'Kolavi,Mahesh', '10270213', 'G700323', NULL, NULL, NULL, 2, 2, '2017-08-03 05:36:23'),
(214, 'Subramanian,Sundaravardhan', 'Lakshmanan,Ganesh Kumar', '10270214', 'G700362', NULL, NULL, NULL, 2, 2, '2017-08-03 05:36:23'),
(215, 'Devaraj,Dinesh Kumar', 'Subramanian,Balamurugan', '10270216', 'G700367', NULL, NULL, NULL, 2, 2, '2017-08-03 05:36:23'),
(216, 'Rajangam,Rajasinga Perumal', 'Benoit,Gerald Joseph', '10270217', 'G700361', NULL, NULL, NULL, 2, 2, '2017-08-03 05:36:23'),
(217, 'Ramnath,Latha', 'Subramanian,Balamurugan', '10270810', 'G700376', NULL, NULL, NULL, 2, 2, '2017-08-03 05:36:23'),
(218, 'Nachimuthu,Rajesh Kumar', 'Kuniyil Raghavan,Hemaraj', '10270811', 'G700360', NULL, NULL, NULL, 2, 2, '2017-08-03 05:36:23'),
(219, 'Vadivelu,Kishonth', 'Ponnuswamy,Venkatesan', '10270812', 'G700372', NULL, NULL, NULL, 2, 2, '2017-08-03 05:36:23'),
(220, 'Padmanabhan,Ashok', 'Khaderbaba,Riyaz Sheik', '10270813', 'G700395', NULL, NULL, NULL, 2, 2, '2017-08-03 05:36:23'),
(221, 'Fernando,Rozario Antony', 'Babu,Anand', '10270815', 'G700363', NULL, NULL, NULL, 2, 2, '2017-08-03 05:36:23'),
(222, 'Shaikh,Shahdab', 'Lakshmanan,Ganesh Kumar', '10270818', 'G700374', NULL, NULL, NULL, 2, 2, '2017-08-03 05:36:23'),
(223, 'Devarajan,Jai Ganesh', 'Babu,Anand', '10270819', 'G700366', NULL, NULL, NULL, 2, 2, '2017-08-03 05:36:23'),
(224, 'Govinda Raj,Hema Chandra Kumar', 'Raju,Prasad', '10271049', 'G700696', NULL, NULL, NULL, 2, 2, '2017-08-03 05:36:23'),
(225, 'Nagarajan,Nandakumar', 'Shankar,Karthikeyan', '10271050', 'G700789', NULL, NULL, NULL, 2, 2, '2017-08-03 05:36:23'),
(226, 'Vengateri,Suvish Kumar', 'Pasupatham,Sundararaman', '10271051', 'G700561', NULL, NULL, NULL, 2, 2, '2017-08-03 05:36:24'),
(227, 'Vajrala,Bhansilal', 'Selvaraj,Karthikeyan', '10271053', 'G700608', NULL, NULL, NULL, 2, 2, '2017-08-03 05:36:24'),
(228, 'Nallasamy,Ganesh Kumar', 'Ponnuswamy,Venkatesh', '10271054', 'G700699', NULL, NULL, NULL, 2, 2, '2017-08-03 05:36:24'),
(229, 'Velayutham,Magesh Vadivel', 'Pasupatham,Sundararaman', '10271055', 'G700685', NULL, NULL, NULL, 2, 2, '2017-08-03 05:36:24'),
(230, 'Vimal Kumar,Dharanendiran', 'Muniraj,Prabeshwar', '10271059', 'G701193', NULL, NULL, NULL, 2, 2, '2017-08-03 05:36:24'),
(231, 'Karuppiah,Manikandan', 'Shankar,Karthikeyan', '10271065', 'G700788', NULL, NULL, NULL, 2, 2, '2017-08-03 05:36:24'),
(232, 'Peethambaran,Aanand', 'Murugesan,Senthil', '10271306', 'G700388', NULL, NULL, NULL, 2, 2, '2017-08-03 05:36:24'),
(233, 'Santhanagopalakrishnan,Sriram', 'Ponnuswamy,Venkatesan', '10271309', 'G700318', NULL, NULL, NULL, 2, 2, '2017-08-03 05:36:24'),
(234, 'Madhavan,Kasiraman', 'Thibout,Christophe', '10271310', 'G701021', NULL, NULL, NULL, 2, 2, '2017-08-03 05:36:24'),
(235, 'Narayanan,Natarajan', 'Raju,Prasad', '10272013', 'G700697', NULL, NULL, NULL, 2, 2, '2017-08-03 05:36:24'),
(236, 'Sivaramakrishnan,Dhinesh', 'Shankar,Karthikeyan', '10272015', 'G700754', NULL, NULL, NULL, 2, 2, '2017-08-03 05:36:24'),
(237, 'Paturu,Suneel Kumar', 'Raju,Prasad', '10272016', 'G700567', NULL, NULL, NULL, 2, 2, '2017-08-03 05:36:24'),
(238, 'Dhanushkodi,Ramkumar', 'Goyal,Anshul', '10272017', 'G701074', NULL, NULL, NULL, 2, 2, '2017-08-03 05:36:24'),
(239, 'Esakky,Muthukumar', 'Raghuraman,Anantharaman', '10272048', 'G700404', NULL, NULL, NULL, 2, 2, '2017-08-03 05:36:24'),
(240, 'Manimangalam,Yogesh Kumar', 'Kalidasan,Sudhakar', '10272051', 'G701010', NULL, NULL, NULL, 2, 2, '2017-08-03 05:36:24'),
(241, 'Arumugam,Nagarajan', 'Bodelot,Valéry', '10272052', 'G701512', NULL, NULL, NULL, 2, 2, '2017-08-03 05:36:24'),
(242, 'Dhanasekaran,Saravanan', 'Achari,Vijaya Krishnan', '10272054', 'G700398', NULL, NULL, NULL, 2, 2, '2017-08-03 05:36:24'),
(243, 'Arunachalam,Prakash', 'Benoit,Gerald Joseph', '10272055', 'G700409', NULL, NULL, NULL, 2, 2, '2017-08-03 05:36:24'),
(244, 'Kelli,Rajendra', 'Murugesan,Senthil', '10272057', 'G700387', NULL, NULL, NULL, 2, 2, '2017-08-03 05:36:24'),
(245, 'Inbanathan,Suresh Kannan', 'Gengadharan,Mageshwaran', '10272369', 'G700736', NULL, NULL, NULL, 2, 2, '2017-08-03 05:36:24'),
(246, 'Anjur,Ariram', 'Shankar,Karthikeyan', '10272373', 'G700633', NULL, NULL, NULL, 2, 2, '2017-08-03 05:36:24'),
(247, 'Pachamuthu,Sathiskumar', 'Pasupatham,Sundararaman', '10272374', 'G700693', NULL, NULL, NULL, 2, 2, '2017-08-03 05:36:25'),
(248, 'V P,Saleel', 'Raju,Prasad', '10272375', 'G700737', NULL, NULL, NULL, 2, 2, '2017-08-03 05:36:25'),
(249, 'Nithyanandam,Dhamodharan', 'Shankar,Karthikeyan', '10272376', 'G700787', NULL, NULL, NULL, 2, 2, '2017-08-03 05:36:25'),
(250, 'Mohideen,Mohammed Ashrafdeen', 'Pasupatham,Sundararaman', '10272378', 'G700686', NULL, NULL, NULL, 2, 2, '2017-08-03 05:36:25'),
(251, 'Vijayan,Gurumoorthy', 'Shankar,Karthikeyan', '10272379', 'G700742', NULL, NULL, NULL, 2, 2, '2017-08-03 05:36:25'),
(252, 'Gopi,Nithyanandam', 'Shankar,Karthikeyan', '10272380', 'G700753', NULL, NULL, NULL, 2, 2, '2017-08-03 05:36:25'),
(253, 'Srinivasan,Vignesh', 'Raju,Prasad', '10272381', 'G700689', NULL, NULL, NULL, 2, 2, '2017-08-03 05:36:25'),
(254, 'Ramach,Vijayasarathy Korapatti', 'Babu,Anand', '10272593', 'G700427', NULL, NULL, NULL, 2, 2, '2017-08-03 05:36:25'),
(255, 'Velmurugan,Suresh', 'Thiagarajan,Nirmal Kumar', '10272594', 'G700433', NULL, NULL, NULL, 2, 2, '2017-08-03 05:36:25'),
(256, 'Durairajan,Manikandan', 'Kasimariappan,Raguraman', '10272595', 'G700425', NULL, NULL, NULL, 2, 2, '2017-08-03 05:36:25'),
(257, 'Meeran,Sabeer', 'Kalidasan,Sudhakar', '10272597', 'G700434', NULL, NULL, NULL, 2, 2, '2017-08-03 05:36:25'),
(258, 'Chandran,Sasikumar', 'Kolavi,Mahesh', '10273032', 'G700761', NULL, NULL, NULL, 2, 2, '2017-08-03 05:36:25'),
(259, 'Thirukoilur Jeyaraman,Sneha', 'Patil,Kalyan G', '10273034', 'G700799', NULL, NULL, NULL, 2, 2, '2017-08-03 05:36:25'),
(260, 'Chakkaravarthy,Haribabhu', 'Raju,Prasad', '10273037', 'G700740', NULL, NULL, NULL, 2, 2, '2017-08-03 05:36:25'),
(261, 'Murthy,Lokesh Kumar', 'Shankar,Karthikeyan', '10273038', 'G700745', NULL, NULL, NULL, 2, 2, '2017-08-03 05:36:25'),
(262, 'Jayachandran,Viswanathan', 'Pasupatham,Sundararaman', '10273039', 'G700683', NULL, NULL, NULL, 2, 2, '2017-08-03 05:36:25'),
(263, 'Detchinamurthy,Muraly', 'Raju,Prasad', '10273040', 'G700662', NULL, NULL, NULL, 2, 2, '2017-08-03 05:36:26'),
(264, 'Chinnathambi,Anbarasu Rasampalayam', 'THILLAIGOVINDHAN,Ashok Kumar', '10273097', 'G700426', NULL, NULL, NULL, 2, 2, '2017-08-03 05:36:26'),
(265, 'Varatharaj,Anburaj', 'Achari,Vijaya Krishnan', '10273099', 'G700437', NULL, NULL, NULL, 2, 2, '2017-08-03 05:36:26'),
(266, 'Gururajan,Govindarajan', 'Renavikar,Atul', '10273100', 'G700445', NULL, NULL, NULL, 2, 2, '2017-08-03 05:36:26'),
(267, 'Karthikeyan,Balaji', 'Raghuraman,Anantharaman', '10273588', 'G700455', NULL, NULL, NULL, 2, 2, '2017-08-03 05:36:26'),
(268, 'Chinniah,Saravanan', 'Madhavan,Kasiraman', '10273594', 'G701031', NULL, NULL, NULL, 2, 2, '2017-08-03 05:36:26'),
(269, 'Sundarrajan,Venkatesh', 'Larriere,Daniel', '10273595', 'G700448', NULL, NULL, NULL, 2, 2, '2017-08-03 05:36:26'),
(270, 'Subramanian,Sriguhan', 'Madhavan,Kasiraman', '10273596', 'G700446', NULL, NULL, NULL, 2, 2, '2017-08-03 05:36:26'),
(271, 'Jayaraj,Balaji', 'Sreedharan,Pirjit Maravapatti', '10273597', 'G700452', NULL, NULL, NULL, 2, 2, '2017-08-03 05:36:26'),
(272, 'Ahamedu,Rabeek Raja', 'Manimangalam,Yogesh Kumar', '10273748', 'G701113', NULL, NULL, NULL, 2, 2, '2017-08-03 05:36:26'),
(273, 'Gundala,Yaswanth', 'Kolavi,Mahesh', '10273749', 'G700786', NULL, NULL, NULL, 2, 2, '2017-08-03 05:36:26'),
(274, 'Thendapani,Balasubramaniam', 'Shankar,Karthikeyan', '10273750', 'G700790', NULL, NULL, NULL, 2, 2, '2017-08-03 05:36:26'),
(275, 'Vijayrangan,Thirugnanasundaram', 'Ponnuswamy,Venkatesh', '10273751', 'G700701', NULL, NULL, NULL, 2, 2, '2017-08-03 05:36:26'),
(276, 'Bakthavathchalam,Muraliganesh', 'Kolavi,Mahesh', '10273752', 'G700762', NULL, NULL, NULL, 2, 2, '2017-08-03 05:36:26'),
(277, 'Dhanasekhar,Jayakumar', 'Shankar,Karthikeyan', '10273753', 'G700749', NULL, NULL, NULL, 2, 2, '2017-08-03 05:36:26'),
(278, 'Palanichamy,Arul Murugan', 'Murugesan,Ramamoorthy', '10273756', 'G700733', NULL, NULL, NULL, 2, 2, '2017-08-03 05:36:26'),
(279, 'Rajkapoor,Achsah Pam', 'Kalidasan,Sudhakar', '10273836', 'G700451', NULL, NULL, NULL, 2, 2, '2017-08-03 05:36:26'),
(280, 'Ramamurthy,Srinivasan', 'Achari,Vijaya Krishnan', '10273837', 'G700461', NULL, NULL, NULL, 2, 2, '2017-08-03 05:36:26'),
(281, 'Natarajan,Vignesh Babu', 'Goyal,Anshul', '10273840', 'G700472', NULL, NULL, NULL, 2, 2, '2017-08-03 05:36:26'),
(282, 'Selvakumarasamy,Jagadish', 'Sreedharan,Pirjit Maravapatti', '10273841', 'G700468', NULL, NULL, NULL, 2, 2, '2017-08-03 05:36:26'),
(283, 'Venkatesan,Manjunathan', 'Maharabhushnum,Rajesh Khanna', '10273844', 'G700466', NULL, NULL, NULL, 2, 2, '2017-08-03 05:36:26'),
(284, 'Venkateswaran,Vivek', 'Kolavi,Mahesh', '10273943', 'G700447', NULL, NULL, NULL, 2, 2, '2017-08-03 05:36:27'),
(285, 'Mail Velu,Satish Kumar', 'Arogyasami,Mannar Mannan', '10274159', 'G701167', NULL, NULL, NULL, 2, 2, '2017-08-03 05:36:27'),
(286, 'Koodalingam,Senthilkumar', 'Arogyasami,Mannar Mannan', '10274160', 'G701166', NULL, NULL, NULL, 2, 2, '2017-08-03 05:36:27'),
(287, 'Behera,Rakesh Kumar', 'Arogyasami,Mannar Mannan', '10274161', 'G701165', NULL, NULL, NULL, 2, 2, '2017-08-03 05:36:27'),
(288, 'Rout,Asit Kumar', 'Arogyasami,Mannar Mannan', '10274162', 'G701164', NULL, NULL, NULL, 2, 2, '2017-08-03 05:36:27'),
(289, 'Bhandare,Parashuram', 'Shankar,Karthikeyan', '10274164', 'G700750', NULL, NULL, NULL, 2, 2, '2017-08-03 05:36:27'),
(290, 'Shanmugam,Karmegam', 'Goyal,Anshul', '10274165', 'G701075', NULL, NULL, NULL, 2, 2, '2017-08-03 05:36:27'),
(291, 'Roy,Parmatma Kumar', 'Sampath,Rajkumar', '10274168', 'G700894', NULL, NULL, NULL, 2, 2, '2017-08-03 05:36:27'),
(292, 'Jeyakodi,Shanmugasamy', 'Raju,Prasad', '10274169', 'G700741', NULL, NULL, NULL, 2, 2, '2017-08-03 05:36:27'),
(293, 'Kumarasamy,Sankarakumar', 'Raju,Prasad', '10274170', 'G700739', NULL, NULL, NULL, 2, 2, '2017-08-03 05:36:27'),
(294, 'Devakani,Robinson Selvaraj', 'Sundararajan,Navaneetharajan', '10274172', 'G701148', NULL, NULL, NULL, 2, 2, '2017-08-03 05:36:27'),
(295, 'Sundararajan,Lingaraj', 'Subramanian,Sathish Kumar', '10274173', 'G701076', NULL, NULL, NULL, 2, 2, '2017-08-03 05:36:27'),
(296, 'Kasilingam,Venkatachalam', 'Patil,Kalyan G', '10274181', 'G700910', NULL, NULL, NULL, 2, 2, '2017-08-03 05:36:27'),
(297, 'Kalyana Sundaram,Raja Vignesh', 'Sreedharan,Pirjit Maravapatti', '10274182', 'G701058', NULL, NULL, NULL, 2, 2, '2017-08-03 05:36:27'),
(298, 'Natarajan,Thirali Muthiah', 'Swaminathan,Suresh', '10274249', 'G700490', NULL, NULL, NULL, 2, 2, '2017-08-03 05:36:27'),
(299, 'Subramanian,Ramkumar', 'Achari,Vijaya Krishnan', '10274250', 'G700488', NULL, NULL, NULL, 2, 2, '2017-08-03 05:36:27'),
(300, 'Stanislaus,Amberhood Stalin', 'Murugesan,Senthil', '10274251', 'G700484', NULL, NULL, NULL, 2, 2, '2017-08-03 05:36:27'),
(301, 'Pandiaraj,Dinesh Gosamy', 'Murugesan,Ramamoorthy', '10274257', 'G700486', NULL, NULL, NULL, 2, 2, '2017-08-03 05:36:27'),
(302, 'Subramanian,Sathish Kumar', 'Ponnuswamy,Venkatesan', '10274258', 'G700480', NULL, NULL, NULL, 2, 2, '2017-08-03 05:36:27'),
(303, 'Ramalingam,Gopinath', 'Thibout,Christophe', '10274259', 'G700482', NULL, NULL, NULL, 2, 2, '2017-08-03 05:36:27'),
(304, 'Subramanian,Krishnanathan', 'Achari,Vijaya Krishnan', '10274265', 'G700478', NULL, NULL, NULL, 2, 2, '2017-08-03 05:36:28'),
(305, 'Nandhagopal,Balaji', 'Kaliaperumal,Prabhu Shankar Ethiraj', '10274266', 'G700440', NULL, NULL, NULL, 2, 2, '2017-08-03 05:36:28'),
(306, 'Subramaniam,Keerthi Kumar', 'Swaminathan,Suresh', '10274737', 'G701034', NULL, NULL, NULL, 2, 2, '2017-08-03 05:36:28'),
(307, 'Sabapathy,Karthikeyan Rathina', 'Benoit,Gerald Joseph', '10274738', 'G700496', NULL, NULL, NULL, 2, 2, '2017-08-03 05:36:28'),
(308, 'Pasupatham,Sundararaman', 'Chellappa,Rajesh', '10274742', 'G700497', NULL, NULL, NULL, 2, 2, '2017-08-03 05:36:28'),
(309, 'Arumugasamy,Ponmarimuthu', 'Larriere,Daniel', '10274901', 'G700850', NULL, NULL, NULL, 2, 2, '2017-08-03 05:36:28'),
(310, 'Soundararajan,Aravind', 'Sampath,Rajkumar', '10274903', 'G701455', NULL, NULL, NULL, 2, 2, '2017-08-03 05:36:28'),
(311, 'Radhakrishnan,Balaji', 'Sundararajan,Navaneetharajan', '10274905', 'G700630', NULL, NULL, NULL, 2, 2, '2017-08-03 05:36:28'),
(312, 'Lakshminarayanan,Gokulakannan', 'Raju,Prasad', '10274907', 'G700687', NULL, NULL, NULL, 2, 2, '2017-08-03 05:36:28'),
(313, 'Radhakrishnan,Vasudevan', 'Sampath,Rajkumar', '10274908', 'G700925', NULL, NULL, NULL, 2, 2, '2017-08-03 05:36:28'),
(314, 'Ramalingam,Venkatesh', 'Murugesan,Ramamoorthy', '10274910', 'G700819', NULL, NULL, NULL, 2, 2, '2017-08-03 05:36:28'),
(315, 'Karunakaran,Santhosh Kanna Palani', 'Gandla,Jayanthi', '10274911', 'G701116', NULL, NULL, NULL, 2, 2, '2017-08-03 05:36:28'),
(316, 'Jayabalan,Bharathi', 'Gnanaprakasam,Sathiya Manikandan', '10274915', 'G701150', NULL, NULL, NULL, 2, 2, '2017-08-03 05:36:28'),
(317, 'Kaliaperumal,Prabhu Shankar Ethiraj', 'Thibout,Christophe', '10274945', 'G700519', NULL, NULL, NULL, 2, 2, '2017-08-03 05:36:28'),
(318, 'Gandla,Jayanthi', 'Subramanian,Balamurugan', '10275364', 'G700501', NULL, NULL, NULL, 2, 2, '2017-08-03 05:36:28'),
(319, 'Parthasarathy,Prasanna', 'Khaderbaba,Riyaz Sheik', '10275389', 'G700494', NULL, NULL, NULL, 2, 2, '2017-08-03 05:36:28'),
(320, 'Shanmugam,Manivannan', 'Falter,Jean-Luc', '10275392', 'G700526', NULL, NULL, NULL, 2, 2, '2017-08-03 05:36:29'),
(321, 'Javeed,Mohammed Ismail Abdul', 'Goyal,Anshul', '10275393', 'G700527', NULL, NULL, NULL, 2, 2, '2017-08-03 05:36:29'),
(322, 'Ramanujam,Srinivasan', 'Bazar,Chiranjeevi', '10275397', 'G700467', NULL, NULL, NULL, 2, 2, '2017-08-03 05:36:29'),
(323, 'Anandha Durai,Sivamanikandan', 'Gandla,Jayanthi', '10275587', 'G701078', NULL, NULL, NULL, 2, 2, '2017-08-03 05:36:29'),
(324, 'Kannan,Natesan', 'Selvakumarasamy,Jagadish', '10275588', 'G700897', NULL, NULL, NULL, 2, 2, '2017-08-03 05:36:29'),
(325, 'Ravichandran,Uma Maheswaran', 'Gandla,Jayanthi', '10275589', 'G701079', NULL, NULL, NULL, 2, 2, '2017-08-03 05:36:29'),
(326, 'Mulibail,Vidyadhara', 'Ramalingam,Gopinath', '10275590', 'G701080', NULL, NULL, NULL, 2, 2, '2017-08-03 05:36:29'),
(327, 'Ganesan,Kumaran', 'Raju,Prasad', '10275621', 'G700688', NULL, NULL, NULL, 2, 2, '2017-08-03 05:36:29'),
(328, 'Sankaralingam,Ramya', 'Ganesan,Ramesh Kumar', '10275623', 'G700911', NULL, NULL, NULL, 2, 2, '2017-08-03 05:36:29'),
(329, 'Dhamodharan,Karthick', 'Gengadharan,Mageshwaran', '10275624', 'G700782', NULL, NULL, NULL, 2, 2, '2017-08-03 05:36:29'),
(330, 'Krishnamurthy,Hari Vishnu', 'Murugesan,Ramamoorthy', '10275628', 'G701463', NULL, NULL, NULL, 2, 2, '2017-08-03 05:36:29'),
(331, 'Selvam,Ramalingam', 'Goyal,Anshul', '10275637', 'G700943', NULL, NULL, NULL, 2, 2, '2017-08-03 05:36:29'),
(332, 'Kanniappan,Balaji', 'Sampath,Rajkumar', '10275638', 'G700893', NULL, NULL, NULL, 2, 2, '2017-08-03 05:36:29'),
(333, 'Settiappa,Ravi Shankar', 'Selvaraj,Karthikeyan', '10275639', 'G700637', NULL, NULL, NULL, 2, 2, '2017-08-03 05:36:29'),
(334, 'Asai Thambi,Thamarai Prabu', 'Jalaludeen,Mohamed Hasan', '10275641', 'G700795', NULL, NULL, NULL, 2, 2, '2017-08-03 05:36:29'),
(335, 'Rathinam,Muniyammal', 'Vedhaiyan,Anand', '10275642', 'G701441', NULL, NULL, NULL, 2, 2, '2017-08-03 05:36:29'),
(336, 'Rajendiran,Lakshmi', 'Rajendran,Raveendran', '10275643', 'G701440', NULL, NULL, NULL, 2, 2, '2017-08-03 05:36:29'),
(337, 'Chandra Sekaran,Iyappan', 'Goyal,Anshul', '10275963', 'G701082', NULL, NULL, NULL, 2, 2, '2017-08-03 05:36:29'),
(338, 'Krishnamoorthi,Raja', 'Achari,Vijaya Krishnan', '10276306', 'G700523', NULL, NULL, NULL, 2, 2, '2017-08-03 05:36:29'),
(339, 'Guruswamy,Balamurugan', 'Muthukrishnan,Selvam', '10276308', 'G700534', NULL, NULL, NULL, 2, 2, '2017-08-03 05:36:29'),
(340, 'Jose,Basil', 'Jalaludeen,Mohamed Hasan', '10276456', 'G700735', NULL, NULL, NULL, 2, 2, '2017-08-03 05:36:29'),
(341, 'Parthasarathy,Purusothaman Kaveripattinam', 'Ponnuswamy,Venkatesan', '10276457', 'G701081', NULL, NULL, NULL, 2, 2, '2017-08-03 05:36:29'),
(342, 'Vijayan,Balaji', 'Jalaludeen,Mohamed Hasan', '10276458', 'G700779', NULL, NULL, NULL, 2, 2, '2017-08-03 05:36:30'),
(343, 'Govindaraje,Kalaiyarasan', 'Kasimariappan,Raguraman', '10276459', 'G701449', NULL, NULL, NULL, 2, 2, '2017-08-03 05:36:30'),
(344, 'Kodiprakasam,Bhavani', 'Lenin,Elankumaran', '10276465', 'G700769', NULL, NULL, NULL, 2, 2, '2017-08-03 05:36:30'),
(345, 'Krushnamoorthi,Kalidoss', 'Selvaraj,Karthikeyan', '10276467', 'G700770', NULL, NULL, NULL, 2, 2, '2017-08-03 05:36:30'),
(346, 'Kesavan,Sudarsanam', 'Kolavi,Mahesh', '10276468', 'G700615', NULL, NULL, NULL, 2, 2, '2017-08-03 05:36:30'),
(347, 'Thandavarayan,Murugan', 'Murugesan,Ramamoorthy', '10276469', 'G701117', NULL, NULL, NULL, 2, 2, '2017-08-03 05:36:30'),
(348, 'Subburaman,Anbuselvan', 'Kuniyil Raghavan,Hemaraj', '10276610', 'G700533', NULL, NULL, NULL, 2, 2, '2017-08-03 05:36:30'),
(349, 'Balasubramanian,Vivekanandan', 'Pasupatham,Sundararaman', '10277028', 'G700792', NULL, NULL, NULL, 2, 2, '2017-08-03 05:36:30'),
(350, 'Soundararajan,Sambath Kumar', 'Shankar,Karthikeyan', '10277033', 'G700771', NULL, NULL, NULL, 2, 2, '2017-08-03 05:36:30'),
(351, 'Muppidathi,Selvaraj', 'Selvaraj,Karthikeyan', '10277035', 'G700783', NULL, NULL, NULL, 2, 2, '2017-08-03 05:36:30'),
(352, 'Noor Mohammed,Yasmeen Begum', 'Lenin,Elankumaran', '10277036', 'G700721', NULL, NULL, NULL, 2, 2, '2017-08-03 05:36:30'),
(353, 'Subburaman,Thiyagarajan', 'Santhanagopalakrishnan,Sriram', '10277080', 'G700557', NULL, NULL, NULL, 2, 2, '2017-08-03 05:36:30'),
(354, 'Genta Dhandapani,Gopinathan', 'Achari,Vijaya Krishnan', '10277081', 'G700556', NULL, NULL, NULL, 2, 2, '2017-08-03 05:36:30'),
(355, 'Sunder,Ashwin', 'Ponnuswamy,Venkatesan', '10277082', 'G700555', NULL, NULL, NULL, 2, 2, '2017-08-03 05:36:30'),
(356, 'Chellappa Reddi,Narayanaswamy', 'Kuniyil Raghavan,Hemaraj', '10277339', 'G700575', NULL, NULL, NULL, 2, 2, '2017-08-03 05:36:30'),
(357, 'Kannan,Rameshprabhu', 'Gengadharan,Mageshwaran', '10277414', 'G700796', NULL, NULL, NULL, 2, 2, '2017-08-03 05:36:30'),
(358, 'Kasi,Premkumar', 'Jalaludeen,Mohamed Hasan', '10277415', 'G700775', NULL, NULL, NULL, 2, 2, '2017-08-03 05:36:30'),
(359, 'John,Jesudoss', 'Muniraj,Prabeshwar', '10277417', 'G701194', NULL, NULL, NULL, 2, 2, '2017-08-03 05:36:30'),
(360, 'Goldwin,Thangaraj', 'Subramanian,Sathish Kumar', '10277418', 'G701077', NULL, NULL, NULL, 2, 2, '2017-08-03 05:36:30'),
(361, 'Singanallur Athmanathan,Yoganathan', 'Shankar,Karthikeyan', '10277419', 'G700793', NULL, NULL, NULL, 2, 2, '2017-08-03 05:36:30'),
(362, 'Velappan Narayanan,Kumar', 'Jalaludeen,Mohamed Hasan', '10277420', 'G700780', NULL, NULL, NULL, 2, 2, '2017-08-03 05:36:30'),
(363, 'Kainthila,Rathan Kumar', 'Goyal,Anshul', '10277422', 'G701329', NULL, NULL, NULL, 2, 2, '2017-08-03 05:36:30'),
(364, 'Sivagnanam,Sampath Kumar', 'Bazar,Chiranjeevi', '10277697', 'G700553', NULL, NULL, NULL, 2, 2, '2017-08-03 05:36:31'),
(365, 'Parameswaran,Karthik', 'Rajendran,Raveendran', '10277698', 'G700580', NULL, NULL, NULL, 2, 2, '2017-08-03 05:36:31'),
(366, 'Duraisamy,Ramkumar', 'Subramanian,Balamurugan', '10277699', 'G700576', NULL, NULL, NULL, 2, 2, '2017-08-03 05:36:31'),
(367, 'Renganathan,Balasubramanian', 'Gururajan,Govindarajan', '10277700', 'G700579', NULL, NULL, NULL, 2, 2, '2017-08-03 05:36:31'),
(368, 'Jothi,Saravanan', 'Ponnuswamy,Venkatesh', '10278176', 'G700773', NULL, NULL, NULL, 2, 2, '2017-08-03 05:36:31'),
(369, 'Arunachalam,Parthasarathi', 'Selvaraj,Karthikeyan', '10278179', 'G700794', NULL, NULL, NULL, 2, 2, '2017-08-03 05:36:31'),
(370, 'Saleem,Irshad Ahmed Vavanam', 'Khaderbaba,Riyaz Sheik', '10278600', 'G700595', NULL, NULL, NULL, 2, 2, '2017-08-03 05:36:31'),
(371, 'Elangovan,Udayakumar', 'Khaderbaba,Riyaz Sheik', '10278601', 'G700587', NULL, NULL, NULL, 2, 2, '2017-08-03 05:36:31'),
(372, 'Vedhaiyan,Anand', 'Subramaniam,Sivakumar', '10278602', 'G701050', NULL, NULL, NULL, 2, 2, '2017-08-03 05:36:31'),
(373, 'Ganesan,Ramesh Kumar', 'Kalidasan,Sudhakar', '10278603', 'G700592', NULL, NULL, NULL, 2, 2, '2017-08-03 05:36:31'),
(374, 'Raman,Umapathy', 'Sreedharan,Pirjit Maravapatti', '10278604', 'G701042', NULL, NULL, NULL, 2, 2, '2017-08-03 05:36:31'),
(375, 'Durairaj,Dinesh', 'Perumal,Nagarajan', '10278789', 'G701276', NULL, NULL, NULL, 2, 2, '2017-08-03 05:36:31'),
(376, 'Kumaravel,Gunasekar', 'Manimangalam,Yogesh Kumar', '10278792', 'G701282', NULL, NULL, NULL, 2, 2, '2017-08-03 05:36:31'),
(377, 'Kannan,Ramesh Kumar', 'Ganesan,Ramesh Kumar', '10278793', 'G701190', NULL, NULL, NULL, 2, 2, '2017-08-03 05:36:31'),
(378, 'Thiyagarajan,Uthayakumar', 'Dayalan,Gowri Balu', '10279135', 'G700651', NULL, NULL, NULL, 2, 2, '2017-08-03 05:36:31'),
(379, 'Narayanasamy,Arun', 'Lenin,Elankumaran', '10279297', 'G701288', NULL, NULL, NULL, 2, 2, '2017-08-03 05:36:31'),
(380, 'Mohan Murthy,Hemachandran', 'Gandla,Jayanthi', '10279302', 'G701277', NULL, NULL, NULL, 2, 2, '2017-08-03 05:36:31'),
(381, 'Jayabal,Hari Hara Sudhan', 'Larriere,Daniel', '10279306', 'G700913', NULL, NULL, NULL, 2, 2, '2017-08-03 05:36:31'),
(382, 'Kannan,Sanjeevan', 'Kasimariappan,Raguraman', '10279811', 'G701147', NULL, NULL, NULL, 2, 2, '2017-08-03 05:36:31'),
(383, 'Kumar,Santhosh Kumar', 'Lenin,Elankumaran', '10279818', 'G701289', NULL, NULL, NULL, 2, 2, '2017-08-03 05:36:31'),
(384, 'Ragavan,Ganesh', 'Ramanujam,Srinivasan', '10279825', 'G701174', NULL, NULL, NULL, 2, 2, '2017-08-03 05:36:31'),
(385, 'Selvaraj,Prabhavathy', 'Ganesan,Ramesh Kumar', '10279855', 'G701272', NULL, NULL, NULL, 2, 2, '2017-08-03 05:36:31'),
(386, 'Mohamed Ismail,Raja', 'Murugesan,Ramamoorthy', '10279872', 'G701173', NULL, NULL, NULL, 2, 2, '2017-08-03 05:36:31'),
(387, 'Boopathy,Jayaprakash', 'Ponnuswamy,Venkatesan', '10279899', 'G700677', NULL, NULL, NULL, 2, 2, '2017-08-03 05:36:32'),
(388, 'Sreedharan,Pirjit Maravapatti', 'Thibout,Christophe', '10279907', 'G700678', NULL, NULL, NULL, 2, 2, '2017-08-03 05:36:32'),
(389, 'Narayanan,Annamalai', 'Dayalan,Gowri Balu', '10280499', 'G700704', NULL, NULL, NULL, 2, 2, '2017-08-03 05:36:32'),
(390, 'Pandurangan,Gopalakrishnan', 'Murugesan,Senthil', '10280505', 'G700703', NULL, NULL, NULL, 2, 2, '2017-08-03 05:36:32'),
(391, 'Muthupandian,Murugan', 'Dayalan,Gowri Balu', '10280506', 'G700679', NULL, NULL, NULL, 2, 2, '2017-08-03 05:36:32'),
(392, 'Selvakumar,Dinesh Kumar', 'Gandla,Jayanthi', '10280524', 'G701191', NULL, NULL, NULL, 2, 2, '2017-08-03 05:36:32'),
(393, 'Perumal,Manikandan', 'Muniraj,Prabeshwar', '10280527', 'G701197', NULL, NULL, NULL, 2, 2, '2017-08-03 05:36:32'),
(394, 'Dharuman,Sarasu', 'Morais,Manuel Desmond', '10280529', 'G701285', NULL, NULL, NULL, 2, 2, '2017-08-03 05:36:32'),
(395, 'Duraisamy,Satheesh', 'Jalaludeen,Mohamed Hasan', '10280534', 'G700999', NULL, NULL, NULL, 2, 2, '2017-08-03 05:36:32'),
(396, 'Subramani,Sathish Kumar', 'Ponnuswamy,Venkatesh', '10280535', 'G701287', NULL, NULL, NULL, 2, 2, '2017-08-03 05:36:32'),
(397, 'Rajendran,Parthiban', 'Vedhaiyan,Anand', '10280550', 'G701221', NULL, NULL, NULL, 2, 2, '2017-08-03 05:36:32'),
(398, 'Paranthaman,Selvaprabu', 'Jalaludeen,Mohamed Hasan', '10280552', 'G700998', NULL, NULL, NULL, 2, 2, '2017-08-03 05:36:32'),
(399, 'Ramakrishnan,Anbu', 'Gengadharan,Mageshwaran', '10280553', 'G701107', NULL, NULL, NULL, 2, 2, '2017-08-03 05:36:32'),
(400, 'Govindarajan,Sivasankaran', 'Selvaraj,Karthikeyan', '10280554', 'G701270', NULL, NULL, NULL, 2, 2, '2017-08-03 05:36:32'),
(401, 'Ramachandran,Rakesh', 'Ganesan,Ramesh Kumar', '10280555', 'G701222', NULL, NULL, NULL, 2, 2, '2017-08-03 05:36:32'),
(402, 'Sekar,Jayakumar', 'Sundararajan,Navaneetharajan', '10280943', 'G701451', NULL, NULL, NULL, 2, 2, '2017-08-03 05:36:32'),
(403, 'Chellaiah,Prathap', 'Selvakumarasamy,Jagadish', '10280951', 'G701106', NULL, NULL, NULL, 2, 2, '2017-08-03 05:36:32'),
(404, 'Jayaram,Vivekanandan', 'Ponnuswamy,Venkatesh', '10280954', 'G701336', NULL, NULL, NULL, 2, 2, '2017-08-03 05:36:32'),
(405, 'Elumalai,Manikandan', 'Ramanujam,Srinivasan', '10280956', 'G701104', NULL, NULL, NULL, 2, 2, '2017-08-03 05:36:32');
INSERT INTO `tbl_BasicDetails` (`id`, `Name`, `managerName`, `chorusId`, `GId`, `location`, `department`, `gender`, `customerId`, `adminId`, `createdAt`) VALUES
(406, 'Shanmugam,Senthil Kumar', 'Murugesan,Ramamoorthy', '10280959', 'G701103', NULL, NULL, NULL, 2, 2, '2017-08-03 05:36:32'),
(407, 'Badiga,Ganesh', 'Kolavi,Mahesh', '10280962', 'G701215', NULL, NULL, NULL, 2, 2, '2017-08-03 05:36:32'),
(408, 'Mohan,Surjith', 'Morais,Manuel Desmond', '10280964', 'G701216', NULL, NULL, NULL, 2, 2, '2017-08-03 05:36:32'),
(409, 'Velayutham,Siva Gurunathan', 'Ramanujam,Srinivasan', '10280975', 'G701102', NULL, NULL, NULL, 2, 2, '2017-08-03 05:36:33'),
(410, 'Balaraman,Saravanan', 'Sundararajan,Navaneetharajan', '10280977', 'G701111', NULL, NULL, NULL, 2, 2, '2017-08-03 05:36:33'),
(411, 'Ramachandhiran,Sathish Kumar', 'Perumal,Nagarajan', '10280978', 'G700861', NULL, NULL, NULL, 2, 2, '2017-08-03 05:36:33'),
(412, 'Arumugam,Balamurugan', 'Manimangalam,Yogesh Kumar', '10281198', 'G700717', NULL, NULL, NULL, 2, 2, '2017-08-03 05:36:33'),
(413, 'Muthuramalingam,Parthiban', 'Falter,Jean-Luc', '10281201', 'G700719', NULL, NULL, NULL, 2, 2, '2017-08-03 05:36:33'),
(414, 'Kumar,Kasam Santosh', 'Ponnuswamy,Venkatesh', '10281202', 'G700715', NULL, NULL, NULL, 2, 2, '2017-08-03 05:36:33'),
(415, 'Abdul Kadher Kasim,Peer Ibrahim Ali', 'Dayalan,Gowri Balu', '10281203', 'G700718', NULL, NULL, NULL, 2, 2, '2017-08-03 05:36:33'),
(416, 'Rajendiren,Arjun', 'Morais,Manuel Desmond', '10281544', 'G701182', NULL, NULL, NULL, 2, 2, '2017-08-03 05:36:33'),
(417, 'Antony,Arul Xavier', 'Jalaludeen,Mohamed Hasan', '10281545', 'G700995', NULL, NULL, NULL, 2, 2, '2017-08-03 05:36:33'),
(418, 'Balasubramanian,Kathirvel', 'Selvaraj,Karthikeyan', '10281547', 'G701108', NULL, NULL, NULL, 2, 2, '2017-08-03 05:36:33'),
(419, 'Lenin,Elankumaran', 'Maharabhushnum,Rajesh Khanna', '10281787', 'G700810', NULL, NULL, NULL, 2, 2, '2017-08-03 05:36:33'),
(420, 'Mani,Saravanan', 'Murugesan,Ramamoorthy', '10282109', 'G701388', NULL, NULL, NULL, 2, 2, '2017-08-03 05:36:33'),
(421, 'Antony,Edwin Nelson', 'Pasupatham,Sundararaman', '10282112', 'G701387', NULL, NULL, NULL, 2, 2, '2017-08-03 05:36:33'),
(422, 'Munusamy,Kapil Dev', 'Sundararajan,Navaneetharajan', '10282114', 'G700640', NULL, NULL, NULL, 2, 2, '2017-08-03 05:36:33'),
(423, 'Thimmaiah,Thrishala', 'Bhuvarahamurthy,Ranganathan', '10282115', 'G701454', NULL, NULL, NULL, 2, 2, '2017-08-03 05:36:33'),
(424, 'Soundar Rajan,Gowtham', 'Variyar,Ajay Achankulankara', '10282133', 'G700814', NULL, NULL, NULL, 2, 2, '2017-08-03 05:36:33'),
(425, 'Ilango,Vasinathan', 'Variyar,Ajay Achankulankara', '10282135', 'G700815', NULL, NULL, NULL, 2, 2, '2017-08-03 05:36:33'),
(426, 'Banu,Sherin', 'Murugesan,Ramamoorthy', '10282385', 'G700675', NULL, NULL, NULL, 2, 2, '2017-08-03 05:36:34'),
(427, 'Krishnamurthy,Mohan Babu', 'Renavikar,Atul', '10282390', 'G700805', NULL, NULL, NULL, 2, 2, '2017-08-03 05:36:34'),
(428, 'Murugan,Parameswaran', 'Falter,Jean-Luc', '10282391', 'G700807', NULL, NULL, NULL, 2, 2, '2017-08-03 05:36:34'),
(429, 'Prabakaran,Roshana', 'Shankar,Karthikeyan', '10282394', 'G700809', NULL, NULL, NULL, 2, 2, '2017-08-03 05:36:34'),
(430, 'Devaraju,Alagendran', 'Ponnuswamy,Venkatesh', '10282800', 'G700812', NULL, NULL, NULL, 2, 2, '2017-08-03 05:36:34'),
(431, 'Damodharan,Sri Kanth', 'Murugesan,Ramamoorthy', '10282872', 'G701464', NULL, NULL, NULL, 2, 2, '2017-08-03 05:36:34'),
(432, 'Palani,Dinesh Kumar', 'Karuppaiah,Gajarajan', '10282873', 'G701453', NULL, NULL, NULL, 2, 2, '2017-08-03 05:36:34'),
(433, 'Sekar,Sathish', 'Goyal,Anshul', '10282874', 'G701465', NULL, NULL, NULL, 2, 2, '2017-08-03 05:36:34'),
(434, 'Devasagayam,Denish Lathiban', 'Subramanian,Sathish Kumar', '10282877', 'G701085', NULL, NULL, NULL, 2, 2, '2017-08-03 05:36:34'),
(435, 'Anandan,Dinesh', 'Gandla,Jayanthi', '10282879', 'G700716', NULL, NULL, NULL, 2, 2, '2017-08-03 05:36:34'),
(436, 'Reguram,Pandiaraj', 'Sampath,Rajkumar', '10283335', 'G701458', NULL, NULL, NULL, 2, 2, '2017-08-03 05:36:34'),
(437, 'Adaikkan,Ramkumar', 'Sampath,Rajkumar', '10283336', 'G701460', NULL, NULL, NULL, 2, 2, '2017-08-03 05:36:34'),
(438, 'Masilamani,Srinivasan', 'Kasimariappan,Raguraman', '10283337', 'G701146', NULL, NULL, NULL, 2, 2, '2017-08-03 05:36:34'),
(439, 'Pragasam,Arockia Amalan', 'Kasimariappan,Raguraman', '10283338', 'G701145', NULL, NULL, NULL, 2, 2, '2017-08-03 05:36:34'),
(440, 'Srinivasan,Jagan', 'Sampath,Rajkumar', '10283360', 'G700902', NULL, NULL, NULL, 2, 2, '2017-08-03 05:36:34'),
(441, 'Sugumaran,Udaya Karthik', 'Murugesan,Senthil', '10283630', 'G700830', NULL, NULL, NULL, 2, 2, '2017-08-03 05:36:34'),
(442, 'Arumugam,Sivasubramanian', 'Gnanaprakasam,Sathiya Manikandan', '10283631', 'G701237', NULL, NULL, NULL, 2, 2, '2017-08-03 05:36:34'),
(443, 'Poongan,Ramesh', 'Subramanian,Balamurugan', '10283633', 'G700828', NULL, NULL, NULL, 2, 2, '2017-08-03 05:36:34'),
(444, 'Manikam,Gowri Sankar', 'Benoit,Gerald Joseph', '10283636', 'G700829', NULL, NULL, NULL, 2, 2, '2017-08-03 05:36:34'),
(445, 'Ramasamy Venkatachalam Sankara,Dinesh Kumar', 'Muthukrishnan,Selvam', '10283640', 'G700825', NULL, NULL, NULL, 2, 2, '2017-08-03 05:36:34'),
(446, 'Darla,Suresh Babu', 'Kuniyil Raghavan,Hemaraj', '10283647', 'G700813', NULL, NULL, NULL, 2, 2, '2017-08-03 05:36:34'),
(447, 'Haridas,Murugan', 'Sampath,Rajkumar', '10283676', 'G701456', NULL, NULL, NULL, 2, 2, '2017-08-03 05:36:35'),
(448, 'Chakravarthy,Baskaran', 'Ramanujam,Srinivasan', '10283679', 'G701176', NULL, NULL, NULL, 2, 2, '2017-08-03 05:36:35'),
(449, 'Rajendran,Vigneshwaran', 'Sampath,Rajkumar', '10283691', 'G700927', NULL, NULL, NULL, 2, 2, '2017-08-03 05:36:35'),
(450, 'Chandran,Vijayaganesh', 'Subramanian,Sathish Kumar', '10283858', 'G701084', NULL, NULL, NULL, 2, 2, '2017-08-03 05:36:35'),
(451, 'Chidambaram,Sarath Kumar', 'Goyal,Anshul', '10283861', 'G701089', NULL, NULL, NULL, 2, 2, '2017-08-03 05:36:35'),
(452, 'Nagaraj,Sethuraman', 'Gnanaprakasam,Sathiya Manikandan', '10283862', 'G701151', NULL, NULL, NULL, 2, 2, '2017-08-03 05:36:35'),
(453, 'Narra,Manoj', 'Ramanujam,Srinivasan', '10283863', 'G701466', NULL, NULL, NULL, 2, 2, '2017-08-03 05:36:35'),
(454, 'Siddharaju,Balasubramani', 'Goyal,Anshul', '10283870', 'G700944', NULL, NULL, NULL, 2, 2, '2017-08-03 05:36:35'),
(455, 'Munusamy,Kogilan', 'Vadivelu,Kishonth', '10283991', 'G701444', NULL, NULL, NULL, 2, 2, '2017-08-03 05:36:35'),
(456, 'Murugesan,Manikandan', 'Gengadharan,Mageshwaran', '10284003', 'G701225', NULL, NULL, NULL, 2, 2, '2017-08-03 05:36:35'),
(457, 'Swaminathan,Sureshkumar', 'Rajendran,Raveendran', '10284135', 'G700841', NULL, NULL, NULL, 2, 2, '2017-08-03 05:36:35'),
(458, 'Mani,Kanagarajan', 'Larriere,Daniel', '10284390', 'G701213', NULL, NULL, NULL, 2, 2, '2017-08-03 05:36:35'),
(459, 'Arunachalam,Prakatheeswaran', 'Shankar,Karthikeyan', '10284393', 'G701152', NULL, NULL, NULL, 2, 2, '2017-08-03 05:36:35'),
(460, 'Udayakumar,Sathish', 'Sampath,Rajkumar', '10284397', 'G701178', NULL, NULL, NULL, 2, 2, '2017-08-03 05:36:35'),
(461, 'Paul Raj,Ashwin Raj', 'Sunder,Ashwin', '10284398', 'G701226', NULL, NULL, NULL, 2, 2, '2017-08-03 05:36:35'),
(462, 'Kumar,Prabhakaran', 'Sampath,Rajkumar', '10284399', 'G701461', NULL, NULL, NULL, 2, 2, '2017-08-03 05:36:35'),
(463, 'Parameswaran,Subramonian', 'Selvakumarasamy,Jagadish', '10284400', 'G701234', NULL, NULL, NULL, 2, 2, '2017-08-03 05:36:35'),
(464, 'Vadher,Jignesh', 'Kuniyil Raghavan,Hemaraj', '10284628', 'G700846', NULL, NULL, NULL, 2, 2, '2017-08-03 05:36:35'),
(465, 'Vanathu Chinnappan,Senthil Kumar', 'Kalidasan,Sudhakar', '10284629', 'G700851', NULL, NULL, NULL, 2, 2, '2017-08-03 05:36:35'),
(466, 'Sankar,Murugan', 'Dayalan,Gowri Balu', '10284630', 'G700847', NULL, NULL, NULL, 2, 2, '2017-08-03 05:36:35'),
(467, 'Kanniappan,Rajesh', 'Murugesan,Senthil', '10284633', 'G700842', NULL, NULL, NULL, 2, 2, '2017-08-03 05:36:36'),
(468, 'Manokaran,Saravanan', 'Karuppaiah,Gajarajan', '10284730', 'G701087', NULL, NULL, NULL, 2, 2, '2017-08-03 05:36:36'),
(469, 'Varatharaj,Jagannathan', 'Sunder,Ashwin', '10284731', 'G701228', NULL, NULL, NULL, 2, 2, '2017-08-03 05:36:36'),
(470, 'Palanisamy,Sathesh Kumar', 'Variyar,Ajay Achankulankara', '10284737', 'G701053', NULL, NULL, NULL, 2, 2, '2017-08-03 05:36:36'),
(471, 'Kumar,Thiyagu', 'Selvakumarasamy,Jagadish', '10284742', 'G701184', NULL, NULL, NULL, 2, 2, '2017-08-03 05:36:36'),
(472, 'Sethuraman,Srinivasan', 'Subramanian,Sathish Kumar', '10284747', 'G701467', NULL, NULL, NULL, 2, 2, '2017-08-03 05:36:36'),
(473, 'Manoharan,Raja Moses', 'Muthukrishnan,Selvam', '10284773', 'G701229', NULL, NULL, NULL, 2, 2, '2017-08-03 05:36:36'),
(474, 'Kumar,Anandaraj', 'Variyar,Ajay Achankulankara', '10284777', 'G701230', NULL, NULL, NULL, 2, 2, '2017-08-03 05:36:36'),
(475, 'Akumulla,Naresh', 'Sunder,Ashwin', '10284793', 'G701232', NULL, NULL, NULL, 2, 2, '2017-08-03 05:36:36'),
(476, 'Chellappa Johnson,Sellakumar', 'Bazar,Chiranjeevi', '10284964', 'G700853', NULL, NULL, NULL, 2, 2, '2017-08-03 05:36:36'),
(477, 'Subramani,Munusamy', 'Vanathu Chinnappan,Senthil Kumar', '10285044', 'G700928', NULL, NULL, NULL, 2, 2, '2017-08-03 05:36:36'),
(478, 'Damodharan,Arasu', 'Sunder,Ashwin', '10285046', 'G700929', NULL, NULL, NULL, 2, 2, '2017-08-03 05:36:36'),
(479, 'Sekar,Vignesh', 'Goyal,Anshul', '10285047', 'G700934', NULL, NULL, NULL, 2, 2, '2017-08-03 05:36:36'),
(480, 'Patturaju,Vignesh', 'Subramanian,Sathish Kumar', '10285049', 'G700936', NULL, NULL, NULL, 2, 2, '2017-08-03 05:36:36'),
(481, 'Jamal,Mohammad Vajith', 'Vadivelu,Kishonth', '10285052', 'G700931', NULL, NULL, NULL, 2, 2, '2017-08-03 05:36:36'),
(482, 'Varadhan,Vino', 'Ramalingam,Gopinath', '10285054', 'G700937', NULL, NULL, NULL, 2, 2, '2017-08-03 05:36:37'),
(483, 'Jothi Ananda Krishnan,Sanjay Narari', 'Larriere,Daniel', '10285078', 'G700858', NULL, NULL, NULL, 2, 2, '2017-08-03 05:36:37'),
(484, 'Mohanasundaram,Hema', 'Kumar,Ritesh', '10285079', 'G700855', NULL, NULL, NULL, 2, 2, '2017-08-03 05:36:37'),
(485, 'Gnanaprakasam,Sathiya Manikandan', 'Ponnuswamy,Venkatesan', '10285080', 'G700856', NULL, NULL, NULL, 2, 2, '2017-08-03 05:36:37'),
(486, 'Jakkala,Kiran', 'Sunder,Ashwin', '10285190', 'G701483', NULL, NULL, NULL, 2, 2, '2017-08-03 05:36:37'),
(487, 'Karuppaiah,Gajarajan', 'Ponnuswamy,Venkatesan', '10285499', 'G700865', NULL, NULL, NULL, 2, 2, '2017-08-03 05:36:37'),
(488, 'Kalliat Thazhaathveedu,Arjun Pradeep Kalliat', 'Gnanaprakasam,Sathiya Manikandan', '10285501', 'G701471', NULL, NULL, NULL, 2, 2, '2017-08-03 05:36:37'),
(489, 'Balasubramanian,Muthukumar', 'Subramanian,Sathish Kumar', '10285503', 'G701477', NULL, NULL, NULL, 2, 2, '2017-08-03 05:36:37'),
(490, 'Loganathan,Selvakumar', 'Subramanian,Sathish Kumar', '10285504', 'G701473', NULL, NULL, NULL, 2, 2, '2017-08-03 05:36:37'),
(491, 'Gopi,Rajsundar', 'Sunder,Ashwin', '10285506', 'G701741', NULL, NULL, NULL, 2, 2, '2017-08-03 05:36:37'),
(492, 'Murugan,Ranjith Kumar', 'Subramanian,Sathish Kumar', '10285507', 'G701740', NULL, NULL, NULL, 2, 2, '2017-08-03 05:36:37'),
(493, 'Sankaran,Mahendran', 'Sundararajan,Navaneetharajan', '10285510', 'G700655', NULL, NULL, NULL, 2, 2, '2017-08-03 05:36:37'),
(494, 'Navaneethakrishnan,Kannan', 'Selvakumarasamy,Jagadish', '10285512', 'G701472', NULL, NULL, NULL, 2, 2, '2017-08-03 05:36:37'),
(495, 'Alagesan,Thananchezhiyan', 'Selvakumarasamy,Jagadish', '10285514', 'G701481', NULL, NULL, NULL, 2, 2, '2017-08-03 05:36:37'),
(496, 'Chandrasekharan Kalasekhar,Raghulsekhar', 'Gandla,Jayanthi', '10285517', 'G701474', NULL, NULL, NULL, 2, 2, '2017-08-03 05:36:37'),
(497, 'Nayak,Pradipta Kumar', 'Santhanagopalakrishnan,Sriram', '10285519', 'G701478', NULL, NULL, NULL, 2, 2, '2017-08-03 05:36:37'),
(498, 'Kadungamath,Ajfas Shahin', 'Benoit,Gerald Joseph', '10285862', 'G700879', NULL, NULL, NULL, 2, 2, '2017-08-03 05:36:37'),
(499, 'Natarajan,Dhanapal', 'Dayalan,Gowri Balu', '10285863', 'G700860', NULL, NULL, NULL, 2, 2, '2017-08-03 05:36:37'),
(500, 'Aerakutty Kumarav,Rajesh Kumar', 'Raghuraman,Anantharaman', '10285864', 'G700882', NULL, NULL, NULL, 2, 2, '2017-08-03 05:36:37'),
(501, 'Sampath,Purusothaman', 'Dayalan,Gowri Balu', '10285865', 'G700884', NULL, NULL, NULL, 2, 2, '2017-08-03 05:36:37'),
(502, 'Ramasamy,Jagadish Kumar', 'Dayalan,Gowri Balu', '10285866', 'G700883', NULL, NULL, NULL, 2, 2, '2017-08-03 05:36:37'),
(503, 'Subramanian,Balamurugan', 'Renavikar,Atul', '10285869', 'G700885', NULL, NULL, NULL, 2, 2, '2017-08-03 05:36:37'),
(504, 'Mohan,Ilayaraja Poongothai', 'Gururajan,Govindarajan', '10285871', 'G700874', NULL, NULL, NULL, 2, 2, '2017-08-03 05:36:38'),
(505, 'Arumugam,Manoharan', 'Benoit,Gerald Joseph', '10285918', 'G700880', NULL, NULL, NULL, 2, 2, '2017-08-03 05:36:38'),
(506, 'Muniraj,Prabeshwar', 'Subramaniam,Sivakumar', '10285921', 'G700857', NULL, NULL, NULL, 2, 2, '2017-08-03 05:36:38'),
(507, 'Sundararajan,Navaneetharajan', 'Kalidasan,Sudhakar', '10285922', 'G700864', NULL, NULL, NULL, 2, 2, '2017-08-03 05:36:38'),
(508, 'Ojha,Srusti Prasad', 'Selvakumarasamy,Jagadish', '10285963', 'G701484', NULL, NULL, NULL, 2, 2, '2017-08-03 05:36:38'),
(509, 'Sam,Manova', 'Sunder,Ashwin', '10285968', 'G700694', NULL, NULL, NULL, 2, 2, '2017-08-03 05:36:38'),
(510, 'Muthuraj,Chinnadurai', 'Goyal,Anshul', '10285977', 'G700946', NULL, NULL, NULL, 2, 2, '2017-08-03 05:36:38'),
(511, 'Ashok Kumar,Dhanush Kumar', 'Subramanian,Sathish Kumar', '10285978', 'G701487', NULL, NULL, NULL, 2, 2, '2017-08-03 05:36:38'),
(512, 'Bandari,Prem Kumar', 'Sunder,Ashwin', '10285980', 'G701488', NULL, NULL, NULL, 2, 2, '2017-08-03 05:36:38'),
(513, 'Anthony Doss,Anand Raj', 'Selvakumarasamy,Jagadish', '10285996', 'G701495', NULL, NULL, NULL, 2, 2, '2017-08-03 05:36:38'),
(514, 'Manoharan,Vasantha Babu', 'Subramanian,Sathish Kumar', '10285997', 'G700705', NULL, NULL, NULL, 2, 2, '2017-08-03 05:36:38'),
(515, 'Mohan,Naveen Kumar', 'Subramanian,Karthik', '10285998', 'G701493', NULL, NULL, NULL, 2, 2, '2017-08-03 05:36:38'),
(516, 'Sahoo,Basudev', 'Subramanian,Sathish Kumar', '10285999', 'G701491', NULL, NULL, NULL, 2, 2, '2017-08-03 05:36:38'),
(517, 'Chandramouli Shantha,Vasanthakumar', 'Kolavi,Mahesh', '10286009', 'G701386', NULL, NULL, NULL, 2, 2, '2017-08-03 05:36:38'),
(518, 'Ramesh,Sathish', 'Ramanujam,Srinivasan', '10286010', 'G701486', NULL, NULL, NULL, 2, 2, '2017-08-03 05:36:38'),
(519, 'Ponnusamy,Sivanantham', 'Ponnuswamy,Venkatesan', '10286118', 'G700930', NULL, NULL, NULL, 2, 2, '2017-08-03 05:36:38'),
(520, 'Pariyarath,Aswin', 'Raju,Prasad', '10286140', 'G700948', NULL, NULL, NULL, 2, 2, '2017-08-03 05:36:38'),
(521, 'Ganapathy,Venkataraman', 'Selvakumarasamy,Jagadish', '10286143', 'G700951', NULL, NULL, NULL, 2, 2, '2017-08-03 05:36:38'),
(522, 'Selvam,Ganeshkumar', 'Gnanaprakasam,Sathiya Manikandan', '10286150', 'G700952', NULL, NULL, NULL, 2, 2, '2017-08-03 05:36:39'),
(523, 'Rajendran,Selva Vinayagam', 'Shankar,Karthikeyan', '10286151', 'G700953', NULL, NULL, NULL, 2, 2, '2017-08-03 05:36:39'),
(524, 'Murugesan Retnabai,Rathish', 'Selvakumarasamy,Jagadish', '10286152', 'G700954', NULL, NULL, NULL, 2, 2, '2017-08-03 05:36:39'),
(525, 'Komath Koiloth Vasu,Vipinvas', 'Murugesan,Ramamoorthy', '10286153', 'G700955', NULL, NULL, NULL, 2, 2, '2017-08-03 05:36:39'),
(526, 'Kuyamveli Thazhe Kuniyil,Jithin Raj', 'Sunder,Ashwin', '10286156', 'G700958', NULL, NULL, NULL, 2, 2, '2017-08-03 05:36:39'),
(527, 'Thanga Thurai,Vivek', 'Karuppaiah,Gajarajan', '10286158', 'G700959', NULL, NULL, NULL, 2, 2, '2017-08-03 05:36:39'),
(528, 'Ananth,Arjun Raj', 'Karuppaiah,Gajarajan', '10286159', 'G700960', NULL, NULL, NULL, 2, 2, '2017-08-03 05:36:39'),
(529, 'Sahoo,Alok', 'Sivagnanam,Sampath Kumar', '10286161', 'G701154', NULL, NULL, NULL, 2, 2, '2017-08-03 05:36:39'),
(530, 'Karuppusamy,Vijaykanth', 'Raju,Prasad', '10286162', 'G700963', NULL, NULL, NULL, 2, 2, '2017-08-03 05:36:39'),
(531, 'Mariappan,Vikranth', 'Kalidasan,Sudhakar', '10286181', 'G700965', NULL, NULL, NULL, 2, 2, '2017-08-03 05:36:39'),
(532, 'Manivannan,Kaviya', 'Khaderbaba,Riyaz Sheik', '10286184', 'G700968', NULL, NULL, NULL, 2, 2, '2017-08-03 05:36:39'),
(533, 'Patlolla,Basvaraj', 'Raju,Prasad', '10286185', 'G700969', NULL, NULL, NULL, 2, 2, '2017-08-03 05:36:39'),
(534, 'Mani,Sridhar', 'Subramanian,Sathish Kumar', '10286192', 'G700975', NULL, NULL, NULL, 2, 2, '2017-08-03 05:36:39'),
(535, 'Kanniyappan,Srinivasan', 'Sunder,Ashwin', '10286193', 'G700976', NULL, NULL, NULL, 2, 2, '2017-08-03 05:36:39'),
(536, 'Selvam,Parthiban', 'Ramanujam,Srinivasan', '10286196', 'G700978', NULL, NULL, NULL, 2, 2, '2017-08-03 05:36:39'),
(537, 'Nandimandalam,Domadaram Dommaraju', 'Selvakumarasamy,Jagadish', '10286587', 'G701090', NULL, NULL, NULL, 2, 2, '2017-08-03 05:36:39'),
(538, 'Krishnamoorthy,Anandan', 'Sivagnanam,Sampath Kumar', '10286588', 'G701091', NULL, NULL, NULL, 2, 2, '2017-08-03 05:36:39'),
(539, 'Perumal,Ethiraj', 'Karuppaiah,Gajarajan', '10286589', 'G701092', NULL, NULL, NULL, 2, 2, '2017-08-03 05:36:40'),
(540, 'Loganathan,Haribabu', 'Selvakumarasamy,Jagadish', '10286591', 'G701093', NULL, NULL, NULL, 2, 2, '2017-08-03 05:36:40'),
(541, 'Radhakrishnan,Sriram', 'Sunder,Ashwin', '10286592', 'G701094', NULL, NULL, NULL, 2, 2, '2017-08-03 05:36:40'),
(542, 'Sampath Kumar,Karthick', 'Vadivelu,Kishonth', '10286600', 'G701096', NULL, NULL, NULL, 2, 2, '2017-08-03 05:36:40'),
(543, 'Subburam,Sivapprakash', 'Selvakumarasamy,Jagadish', '10286601', 'G701097', NULL, NULL, NULL, 2, 2, '2017-08-03 05:36:40'),
(544, 'Ponnuchamy,Ramkumar', 'Selvakumarasamy,Jagadish', '10286611', 'G701099', NULL, NULL, NULL, 2, 2, '2017-08-03 05:36:40'),
(545, 'Muneer Basha,Thahir Basha', 'Ramanujam,Srinivasan', '10287137', 'G701155', NULL, NULL, NULL, 2, 2, '2017-08-03 05:36:40'),
(546, 'Theyagarajan,Sureshkumar', 'Sivagnanam,Sampath Kumar', '10287138', 'G701156', NULL, NULL, NULL, 2, 2, '2017-08-03 05:36:40'),
(547, 'Rajendran,Vinoth', 'Vanathu Chinnappan,Senthil Kumar', '10287139', 'G701157', NULL, NULL, NULL, 2, 2, '2017-08-03 05:36:40'),
(548, 'Ganesan,Udhayakumar', 'Arogyasami,Mannar Mannan', '10287141', 'G701159', NULL, NULL, NULL, 2, 2, '2017-08-03 05:36:40'),
(549, 'Eswaran,Murugesh', 'Manimangalam,Yogesh Kumar', '10287144', 'G701170', NULL, NULL, NULL, 2, 2, '2017-08-03 05:36:40'),
(550, 'Radhakrishnan,Sankar', 'Patil,Kalyan G', '10287145', 'G701171', NULL, NULL, NULL, 2, 2, '2017-08-03 05:36:40'),
(551, 'Loganathan,Hemalatha', 'Lakshmanan,Ganesh Kumar', '10287476', 'G701198', NULL, NULL, NULL, 2, 2, '2017-08-03 05:36:40'),
(552, 'Mohanty,Chiranjeeb', 'Sunder,Ashwin', '10287615', 'G701200', NULL, NULL, NULL, 2, 2, '2017-08-03 05:36:40'),
(553, 'Vanniya Perumal,Sundara Pandian', 'Subramanian,Sathish Kumar', '10287616', 'G701201', NULL, NULL, NULL, 2, 2, '2017-08-03 05:36:40'),
(554, 'Sadhasivam,Ganapathi', 'Goyal,Anshul', '10287617', 'G701202', NULL, NULL, NULL, 2, 2, '2017-08-03 05:36:40'),
(555, 'Devaraj,Yuvaraj', 'Subramanian,Sathish Kumar', '10287618', 'G701203', NULL, NULL, NULL, 2, 2, '2017-08-03 05:36:40'),
(556, 'Sakthivel,Boopathiraja', 'Vadivelu,Kishonth', '10287619', 'G701204', NULL, NULL, NULL, 2, 2, '2017-08-03 05:36:40'),
(557, 'Sornamuthu,Mariselvam', 'Gnanaprakasam,Sathiya Manikandan', '10287620', 'G701205', NULL, NULL, NULL, 2, 2, '2017-08-03 05:36:41'),
(558, 'Ravisekaran,Sugantharaj', 'Selvakumarasamy,Jagadish', '10287625', 'G701209', NULL, NULL, NULL, 2, 2, '2017-08-03 05:36:41'),
(559, 'Manickam,Priyadharshini', 'Goyal,Anshul', '10287626', 'G701210', NULL, NULL, NULL, 2, 2, '2017-08-03 05:36:41'),
(560, 'Sivagnanam Srinivasan,Rajkumar', 'Vanathu Chinnappan,Senthil Kumar', '10287627', 'G701211', NULL, NULL, NULL, 2, 2, '2017-08-03 05:36:41'),
(561, 'Sarovar,Anup', 'Bodelot,Valéry', '10288064', 'G701297', NULL, NULL, NULL, 2, 2, '2017-08-03 05:36:41'),
(562, 'Subramanian,Karthik', 'Ponnuswamy,Venkatesan', '10288110', 'G701304', NULL, NULL, NULL, 2, 2, '2017-08-03 05:36:41'),
(563, 'Karunanithy,Vignesh', 'Muniraj,Prabeshwar', '10288118', 'G701307', NULL, NULL, NULL, 2, 2, '2017-08-03 05:36:41'),
(564, 'Chinnappa,Kamatchi', 'Sivagnanam,Sampath Kumar', '10288173', 'G701309', NULL, NULL, NULL, 2, 2, '2017-08-03 05:36:41'),
(565, 'Sajja Giri,Devendran', 'Sunder,Ashwin', '10288175', 'G701311', NULL, NULL, NULL, 2, 2, '2017-08-03 05:36:41'),
(566, 'Tharmaraj,Velmurugan', 'Selvakumarasamy,Jagadish', '10288177', 'G701313', NULL, NULL, NULL, 2, 2, '2017-08-03 05:36:41'),
(567, 'Ashokan,Arun', 'Sunder,Ashwin', '10288180', 'G701316', NULL, NULL, NULL, 2, 2, '2017-08-03 05:36:41'),
(568, 'Dhamodaran,Kothandan', 'Ramanujam,Srinivasan', '10288181', 'G701317', NULL, NULL, NULL, 2, 2, '2017-08-03 05:36:41'),
(569, 'Sakthivel,Sathish Kumar', 'Vedhaiyan,Anand', '10288183', 'G701319', NULL, NULL, NULL, 2, 2, '2017-08-03 05:36:41'),
(570, 'Pandiyarajan,Balasubramaniam', 'Vedhaiyan,Anand', '10288343', 'G701327', NULL, NULL, NULL, 2, 2, '2017-08-03 05:36:41'),
(571, 'Ramaraja,Muthukumar', 'Vedhaiyan,Anand', '10288350', 'G701328', NULL, NULL, NULL, 2, 2, '2017-08-03 05:36:41'),
(572, 'Somasundaram,Hemanth Kumar', 'Muniraj,Prabeshwar', '10289094', 'G701342', NULL, NULL, NULL, 2, 2, '2017-08-03 05:36:41'),
(573, 'Dharani,Dineshkumar', 'Perumal,Nagarajan', '10289111', 'G701344', NULL, NULL, NULL, 2, 2, '2017-08-03 05:36:41'),
(574, 'Srinivasan,Govindraj', 'Selvakumarasamy,Jagadish', '10289120', 'G701348', NULL, NULL, NULL, 2, 2, '2017-08-03 05:36:41'),
(575, 'Karnan,Dilli Babu', 'Subramanian,Sathish Kumar', '10289123', 'G701350', NULL, NULL, NULL, 2, 2, '2017-08-03 05:36:42'),
(576, 'Mani,Murugan', 'Ganesan,Ramesh Kumar', '10289132', 'G701352', NULL, NULL, NULL, 2, 2, '2017-08-03 05:36:42'),
(577, 'Ganeshan,Lakshmi Narayanan', 'Ganesan,Ramesh Kumar', '10289133', 'G701353', NULL, NULL, NULL, 2, 2, '2017-08-03 05:36:42'),
(578, 'Swamynathan,Visuvanathan', 'Vanathu Chinnappan,Senthil Kumar', '10289137', 'G701354', NULL, NULL, NULL, 2, 2, '2017-08-03 05:36:42'),
(579, 'Shanmugam,Vijayakumar', 'Sivagnanam,Sampath Kumar', '10289139', 'G701355', NULL, NULL, NULL, 2, 2, '2017-08-03 05:36:42'),
(580, 'Naganathan,Kannan Sokkalingu', 'Perumal,Nagarajan', '10289142', 'G701356', NULL, NULL, NULL, 2, 2, '2017-08-03 05:36:42'),
(581, 'Venkatesan,Devarajan', 'Vanathu Chinnappan,Senthil Kumar', '10289317', 'G701372', NULL, NULL, NULL, 2, 2, '2017-08-03 05:36:42'),
(582, 'Palar,Sabyasachi', 'Muniraj,Prabeshwar', '10289318', 'G701373', NULL, NULL, NULL, 2, 2, '2017-08-03 05:36:42'),
(583, 'Pavalavannan,Meiyappan', 'Sunder,Ashwin', '10289319', 'G701374', NULL, NULL, NULL, 2, 2, '2017-08-03 05:36:42'),
(584, 'Sampath,Munirathinam', 'Ramanujam,Srinivasan', '10289991', 'G701432', NULL, NULL, NULL, 2, 2, '2017-08-03 05:36:42'),
(585, 'Subramani,Jayaprakash', 'Muniraj,Prabeshwar', '10289993', 'G701434', NULL, NULL, NULL, 2, 2, '2017-08-03 05:36:42'),
(586, 'Jaganathan,Vinoth', 'Sundararajan,Navaneetharajan', '10289994', 'G701435', NULL, NULL, NULL, 2, 2, '2017-08-03 05:36:42'),
(587, 'Sekar,Kumar', 'Vanathu Chinnappan,Senthil Kumar', '10289995', 'G701436', NULL, NULL, NULL, 2, 2, '2017-08-03 05:36:42'),
(588, 'Thangadurai,Rajesh Kumar', 'Vedhaiyan,Anand', '10289996', 'G701437', NULL, NULL, NULL, 2, 2, '2017-08-03 05:36:42'),
(589, 'Arjunan,Haribabu', 'Ganesan,Ramesh Kumar', '10289997', 'G701438', NULL, NULL, NULL, 2, 2, '2017-08-03 05:36:42'),
(590, 'Raj,Desingu', 'Ramanujam,Srinivasan', '10290000', 'G701439', NULL, NULL, NULL, 2, 2, '2017-08-03 05:36:42'),
(591, 'Dhanasekar,Prabhu', 'Ganesan,Ramesh Kumar', '10290264', 'G701746', NULL, NULL, NULL, 2, 2, '2017-08-03 05:36:42'),
(592, 'Sivalingam,Charles', 'Morais,Manuel Desmond', '10290265', 'G701747', NULL, NULL, NULL, 2, 2, '2017-08-03 05:36:42'),
(593, 'Vel,Kalpana', 'Muniraj,Prabeshwar', '10290407', 'G701752', NULL, NULL, NULL, 2, 2, '2017-08-03 05:36:43'),
(594, 'Rajendran,Mirudhula', 'Ponnuswamy,Venkatesan', '10290410', 'G701755', NULL, NULL, NULL, 2, 2, '2017-08-03 05:36:43'),
(595, 'Karunaneethi,Boopathi', 'Ramanujam,Srinivasan', '10291279', 'G701762', NULL, NULL, NULL, 2, 2, '2017-08-03 05:36:43'),
(596, 'Sunilkumar,Sooraj Mondikitta', 'Shankar,Karthikeyan', '10291283', 'G701765', NULL, NULL, NULL, 2, 2, '2017-08-03 05:36:43'),
(597, 'Pandiyan,Thendral', 'Perumal,Nagarajan', '10291284', 'G701766', NULL, NULL, NULL, 2, 2, '2017-08-03 05:36:43'),
(598, 'Jayaraman,Vinoth Kumar', 'Ramanujam,Srinivasan', '10291285', 'G701767', NULL, NULL, NULL, 2, 2, '2017-08-03 05:36:43'),
(599, 'Thanigachallam,Karthiga', 'Madhavan,Kasiraman', '10291287', 'G701769', NULL, NULL, NULL, 2, 2, '2017-08-03 05:36:43'),
(600, 'Radhakrishnan,Arul', 'Lakshmanan,Ganesh Kumar', '10291290', 'G701771', NULL, NULL, NULL, 2, 2, '2017-08-03 05:36:43'),
(601, 'Murugan,Vasanthan', 'Ganesan,Ramesh Kumar', '10292509', 'G701774', NULL, NULL, NULL, 2, 2, '2017-08-03 05:36:43'),
(602, 'Sudalaimuthu,Muthu Ramalingam', 'Ganesan,Ramesh Kumar', '10292511', 'G701776', NULL, NULL, NULL, 2, 2, '2017-08-03 05:36:43'),
(603, 'Manickam,Rajagopal', 'Ganesan,Ramesh Kumar', '10292512', 'G701777', NULL, NULL, NULL, 2, 2, '2017-08-03 05:36:43'),
(604, 'Gunasekaran,Sathish Kumar', 'Ganesan,Ramesh Kumar', '10292513', 'G701778', NULL, NULL, NULL, 2, 2, '2017-08-03 05:36:43'),
(605, 'Suthakar,Bhavani', 'Vedhaiyan,Anand', '10292514', 'G701779', NULL, NULL, NULL, 2, 2, '2017-08-03 05:36:43'),
(606, 'Chakarapani,Gokul', 'Subramanian,Sathish Kumar', '10292518', 'G701780', NULL, NULL, NULL, 2, 2, '2017-08-03 05:36:43'),
(607, 'Sridharan,Mohan', 'Karuppaiah,Gajarajan', '10292520', 'G701781', NULL, NULL, NULL, 2, 2, '2017-08-03 05:36:43'),
(608, 'Gopalakrishnan,Harikrishnan', 'Ganesan,Ramesh Kumar', '10292523', 'G701783', NULL, NULL, NULL, 2, 2, '2017-08-03 05:36:43'),
(609, 'Gangadharan,Arunkumar', 'Ganesan,Ramesh Kumar', '10292524', 'G701784', NULL, NULL, NULL, 2, 2, '2017-08-03 05:36:43'),
(610, 'Arumugam,Sasi Kumar', 'Muniraj,Prabeshwar', '10292832', 'G701788', NULL, NULL, NULL, 2, 2, '2017-08-03 05:36:43'),
(611, 'Kuppuswamy,Gayathri', 'Muniraj,Prabeshwar', '10292834', 'G701790', NULL, NULL, NULL, 2, 2, '2017-08-03 05:36:43'),
(612, 'Ganeshan,Prasanth', 'Muniraj,Prabeshwar', '10292836', 'G701791', NULL, NULL, NULL, 2, 2, '2017-08-03 05:36:44'),
(613, 'Srinivasan,Prakash', 'Muniraj,Prabeshwar', '10293228', 'G701793', NULL, NULL, NULL, 2, 2, '2017-08-03 05:36:44'),
(614, 'Kannan,Sivamurugan', 'Muniraj,Prabeshwar', '10293231', 'G701794', NULL, NULL, NULL, 2, 2, '2017-08-03 05:36:44'),
(615, 'Sadhasivam,Udhayakumar', 'Lakshmanan,Ganesh Kumar', '10293245', 'G701795', NULL, NULL, NULL, 2, 2, '2017-08-03 05:36:44'),
(616, 'Raja,Sivakumar', 'Sunder,Ashwin', '10293290', 'G701798', NULL, NULL, NULL, 2, 2, '2017-08-03 05:36:44'),
(617, 'Murugan,Karthick', 'Gnanaprakasam,Sathiya Manikandan', '10293291', 'G701799', NULL, NULL, NULL, 2, 2, '2017-08-03 05:36:44'),
(618, 'Babu,Vinoth', 'Vanathu Chinnappan,Senthil Kumar', '10294275', 'G701801', NULL, NULL, NULL, 2, 2, '2017-08-03 05:36:44'),
(619, 'Rajasekaran,Gowthami', 'Vedhaiyan,Anand', '10294278', 'G701804', NULL, NULL, NULL, 2, 2, '2017-08-03 05:36:44'),
(620, 'Hariharan,Aadithya', 'Vedhaiyan,Anand', '10294279', 'G701805', NULL, NULL, NULL, 2, 2, '2017-08-03 05:36:44'),
(621, 'Ponnappan,Anoop', 'Vedhaiyan,Anand', '10294282', 'G701808', NULL, NULL, NULL, 2, 2, '2017-08-03 05:36:44'),
(622, 'Rajendran,Thamarai Selvi', 'Morais,Manuel Desmond', '10294294', 'G701810', NULL, NULL, NULL, 2, 2, '2017-08-03 05:36:44'),
(623, 'Krishnan,Naresh Kumar', 'Subramanian,Sathish Kumar', '10294295', 'G701811', NULL, NULL, NULL, 2, 2, '2017-08-03 05:36:44'),
(624, 'Chittibabu,Yuvaraj', 'Sunder,Ashwin', '10295095', 'G701813', NULL, NULL, NULL, 2, 2, '2017-08-03 05:36:44'),
(625, 'Manoharan,Balaji', 'Ramanujam,Srinivasan', '10295097', 'G701815', NULL, NULL, NULL, 2, 2, '2017-08-03 05:36:44'),
(626, 'Subramani,Naresh', 'Subramanian,Sathish Kumar', '10295098', 'G701816', NULL, NULL, NULL, 2, 2, '2017-08-03 05:36:44'),
(627, 'Muthapillai,Rajkumar', 'Sundararajan,Navaneetharajan', '10295100', 'G701818', NULL, NULL, NULL, 2, 2, '2017-08-03 05:36:44'),
(628, 'Devan,Venkatesan', 'Sundararajan,Navaneetharajan', '10295103', 'G701820', NULL, NULL, NULL, 2, 2, '2017-08-03 05:36:44'),
(629, 'Gopal,Kalirasu', 'Ganesan,Ramesh Kumar', '10295633', 'G701824', NULL, NULL, NULL, 2, 2, '2017-08-03 05:36:44'),
(630, 'Mohanan,Arun Kumar', 'Ramalingam,Gopinath', '10295634', 'G701825', NULL, NULL, NULL, 2, 2, '2017-08-03 05:36:44'),
(631, 'Mohan,Padmanaban', 'Subramanian,Sathish Kumar', '10295635', 'G701826', NULL, NULL, NULL, 2, 2, '2017-08-03 05:36:44'),
(632, 'Abdulla,Reseena', 'Perumal,Nagarajan', '10295966', 'G701828', NULL, NULL, NULL, 2, 2, '2017-08-03 05:36:45'),
(633, 'Kuppan,Bharath', 'Subramanian,Sathish Kumar', '10295968', 'G701829', NULL, NULL, NULL, 2, 2, '2017-08-03 05:36:45'),
(634, 'Dayalan,Jagadeeshwaran', 'Sundararajan,Navaneetharajan', '10296001', 'G701830', NULL, NULL, NULL, 2, 2, '2017-08-03 05:36:45'),
(635, 'Sugumaran,Gokul Krishnan', 'Sunder,Ashwin', '10296003', 'G701832', NULL, NULL, NULL, 2, 2, '2017-08-03 05:36:45'),
(636, 'Senthil Kumar,Santhosh Kumar', 'Sunder,Ashwin', '10296005', 'G701833', NULL, NULL, NULL, 2, 2, '2017-08-03 05:36:45'),
(637, 'Babu,Anand', 'Harris,Debra Jean', '10296333', 'G701834', NULL, NULL, NULL, 2, 2, '2017-08-03 05:36:45'),
(638, 'Lakshmipathy,Karthick', 'Subramanian,Sathish Kumar', '10296334', 'G701835', NULL, NULL, NULL, 2, 2, '2017-08-03 05:36:45'),
(639, 'Chithamallu,Siva Sankar', 'Muniraj,Prabeshwar', '10297011', 'G701836', NULL, NULL, NULL, 2, 2, '2017-08-03 05:36:45'),
(640, 'Krishnaswamy,Karthikeyan', 'Rajendran,Raveendran', '10297012', 'G701837', NULL, NULL, NULL, 2, 2, '2017-08-03 05:36:45'),
(641, 'Kuppuswamy,Hari Hara Sudhan', 'Karuppaiah,Gajarajan', '10297014', 'G701839', NULL, NULL, NULL, 2, 2, '2017-08-03 05:36:45'),
(642, 'Madhavan Pillai,Sujith Gopi', 'Muniraj,Prabeshwar', '10297015', 'G701840', NULL, NULL, NULL, 2, 2, '2017-08-03 05:36:45'),
(643, 'Sivaprakasam,Karthick', 'Vedhaiyan,Anand', '10297016', 'G701841', NULL, NULL, NULL, 2, 2, '2017-08-03 05:36:45'),
(644, 'Kalimuthu,Vishnu Priya', 'Muniraj,Prabeshwar', '10297018', 'G701843', NULL, NULL, NULL, 2, 2, '2017-08-03 05:36:45'),
(645, 'Selvaraj,Govindaraj', 'Selvakumarasamy,Jagadish', '10297019', 'G701844', NULL, NULL, NULL, 2, 2, '2017-08-03 05:36:45'),
(646, 'Srinivasulu,Balasubramaniyam', 'Khaderbaba,Riyaz Sheik', '10297026', 'G701845', NULL, NULL, NULL, 2, 2, '2017-08-03 05:36:45'),
(647, 'Baskar,Rekha', 'Perumal,Nagarajan', '10297034', 'G701846', NULL, NULL, NULL, 2, 2, '2017-08-03 05:36:45'),
(648, 'Srinivasan,Bhuvaneswari', 'Perumal,Nagarajan', '10297036', 'G701847', NULL, NULL, NULL, 2, 2, '2017-08-03 05:36:45'),
(649, 'Velu,Dhamodaran', 'Karuppaiah,Gajarajan', '10297774', 'G701849', NULL, NULL, NULL, 2, 2, '2017-08-03 05:36:45'),
(650, 'Seeralan,Sakthivel', 'Sundararajan,Navaneetharajan', '10297775', 'G701850', NULL, NULL, NULL, 2, 2, '2017-08-03 05:36:45'),
(651, 'Dharman,Naresh', 'Selvakumarasamy,Jagadish', '10297776', 'G701851', NULL, NULL, NULL, 2, 2, '2017-08-03 05:36:46'),
(652, 'Rajendran,Shatish', 'Ganesan,Ramesh Kumar', '10297777', 'G701852', NULL, NULL, NULL, 2, 2, '2017-08-03 05:36:46'),
(653, 'Chellan,Nadhiya', 'Muniraj,Prabeshwar', '10297779', 'G701854', NULL, NULL, NULL, 2, 2, '2017-08-03 05:36:46'),
(654, 'Jeyaraman,Udhayakumar', 'Ganesan,Ramesh Kumar', '10297781', 'G701856', NULL, NULL, NULL, 2, 2, '2017-08-03 05:36:46'),
(655, 'Surendiran,Murali Krishnan', 'Muniraj,Prabeshwar', '10297782', 'G701857', NULL, NULL, NULL, 2, 2, '2017-08-03 05:36:46'),
(656, 'Manickavasagam,Karthikeyan', 'Ganesan,Ramesh Kumar', '10297951', 'G701859', NULL, NULL, NULL, 2, 2, '2017-08-03 05:36:46'),
(657, 'Chelliah,Balaji', 'Sivagnanam,Sampath Kumar', '10297952', 'G701860', NULL, NULL, NULL, 2, 2, '2017-08-03 05:36:46'),
(658, 'Babu,Ashok Kumar', 'Sivagnanam,Sampath Kumar', '10297954', 'G701862', NULL, NULL, NULL, 2, 2, '2017-08-03 05:36:46'),
(659, 'Krishnan,Anantha Subramanian', 'THILLAIGOVINDHAN,Ashok Kumar', '10297955', 'G701863', NULL, NULL, NULL, 2, 2, '2017-08-03 05:36:46'),
(660, 'Sreekanth,Shruti', 'Patil,Kalyan G', '10298107', 'G701865', NULL, NULL, NULL, 2, 2, '2017-08-03 05:36:46'),
(661, 'Gopinath,Raja', 'Vanathu Chinnappan,Senthil Kumar', '10298308', 'G701866', NULL, NULL, NULL, 2, 2, '2017-08-03 05:36:46'),
(662, 'Haridas,Gokul', 'Vanathu Chinnappan,Senthil Kumar', '10298309', 'G701867', NULL, NULL, NULL, 2, 2, '2017-08-03 05:36:46'),
(663, 'Perumal,Dinesh Babu', 'Sundararajan,Navaneetharajan', '10298313', 'G701868', NULL, NULL, NULL, 2, 2, '2017-08-03 05:36:46'),
(664, 'Venkatesan,Vimal Raj', 'Muniraj,Prabeshwar', '10298316', 'G701869', NULL, NULL, NULL, 2, 2, '2017-08-03 05:36:46'),
(665, 'Viswanathan,Santhakumar', 'Vanathu Chinnappan,Senthil Kumar', '10298636', 'G701872', NULL, NULL, NULL, 2, 2, '2017-08-03 05:36:46'),
(666, 'Meshak Rajan,Beniel Raj', 'Vedhaiyan,Anand', '10298638', 'G701874', NULL, NULL, NULL, 2, 2, '2017-08-03 05:36:46'),
(667, 'Selvam,Parthasarathi', 'Vedhaiyan,Anand', '10298639', 'G701875', NULL, NULL, NULL, 2, 2, '2017-08-03 05:36:46'),
(668, 'Jeyakumar,Samuvel', 'Ramanujam,Srinivasan', '10298640', 'G701876', NULL, NULL, NULL, 2, 2, '2017-08-03 05:36:46'),
(669, 'Pasupathy,Radha', 'Morais,Manuel Desmond', '10299266', 'G701879', NULL, NULL, NULL, 2, 2, '2017-08-03 05:36:47'),
(670, 'Alagappan,Sai Vishalakshi', 'Sampath,Rajkumar', '10299268', 'G701881', NULL, NULL, NULL, 2, 2, '2017-08-03 05:36:47'),
(671, 'Guna,Vivek', 'Murugesan,Ramamoorthy', '10299269', 'G701882', NULL, NULL, NULL, 2, 2, '2017-08-03 05:36:47'),
(672, 'Pitchai Muthu,Ganesan', 'Sunder,Ashwin', '10299271', 'G701883', NULL, NULL, NULL, 2, 2, '2017-08-03 05:36:47'),
(673, 'Muthuraman,Kasiraman', 'Subramanian,Sathish Kumar', '10299274', 'G701885', NULL, NULL, NULL, 2, 2, '2017-08-03 05:36:47'),
(674, 'Selvam,Prem Kumar', 'Subramanian,Sathish Kumar', '10299275', 'G701886', NULL, NULL, NULL, 2, 2, '2017-08-03 05:36:47'),
(675, 'Mani,Chandrasekaran', 'Karuppaiah,Gajarajan', '10299277', 'G701910', NULL, NULL, NULL, 2, 2, '2017-08-03 05:36:47'),
(676, 'Arumugam,Rajasekar', 'Karuppaiah,Gajarajan', '10299278', 'G701887', NULL, NULL, NULL, 2, 2, '2017-08-03 05:36:47'),
(677, 'Saranappa,Lingeshwaran', 'Vanathu Chinnappan,Senthil Kumar', '10299279', 'G701888', NULL, NULL, NULL, 2, 2, '2017-08-03 05:36:47'),
(678, 'Munusamy,Praveen', 'Sundararajan,Navaneetharajan', '10299280', 'G701889', NULL, NULL, NULL, 2, 2, '2017-08-03 05:36:47'),
(679, 'Abdul Jabbar,Abdul Rasheed', 'Subramanian,Sathish Kumar', '10299569', 'G701890', NULL, NULL, NULL, 2, 2, '2017-08-03 05:36:47'),
(680, 'Dhakshinamoorthi,Prasanth', 'Sunder,Ashwin', '10299570', 'G701891', NULL, NULL, NULL, 2, 2, '2017-08-03 05:36:47'),
(681, 'Subramani,Karthick', 'Sivagnanam,Sampath Kumar', '10299749', 'G701892', NULL, NULL, NULL, 2, 2, '2017-08-03 05:36:47'),
(682, 'Yalla Chittibabu,Dhanasekar', 'Ganesan,Ramesh Kumar', '10299794', 'G701894', NULL, NULL, NULL, 2, 2, '2017-08-03 05:36:47'),
(683, 'Gopalakrishnan,Sathish Kumar', 'Sivagnanam,Sampath Kumar', '10299795', 'G701895', NULL, NULL, NULL, 2, 2, '2017-08-03 05:36:47'),
(684, 'Shajahan,Mohammed Rasulkhan', 'Sunder,Ashwin', '10299797', 'G701897', NULL, NULL, NULL, 2, 2, '2017-08-03 05:36:47'),
(685, 'Syed Rasheed,Syed Rehan', 'Selvakumarasamy,Jagadish', '10299798', 'G701898', NULL, NULL, NULL, 2, 2, '2017-08-03 05:36:47'),
(686, 'Ramesh,Haresh Kumar', 'Selvakumarasamy,Jagadish', '10299799', 'G701899', NULL, NULL, NULL, 2, 2, '2017-08-03 05:36:48'),
(687, 'Chandrasekan,Sakthivel Ramkumar', 'Sundararajan,Navaneetharajan', '10299800', 'G701900', NULL, NULL, NULL, 2, 2, '2017-08-03 05:36:48'),
(688, 'Rajendran,Vijay Ganesh', 'Ganesan,Ramesh Kumar', '10299801', 'G701901', NULL, NULL, NULL, 2, 2, '2017-08-03 05:36:48'),
(689, 'Velayutham,Saminathan', 'Sundararajan,Navaneetharajan', '10299802', 'G701902', NULL, NULL, NULL, 2, 2, '2017-08-03 05:36:48'),
(690, 'Shagul Hameed,Mohammed Imthiyas', 'Ramanujam,Srinivasan', '10299804', 'G701904', NULL, NULL, NULL, 2, 2, '2017-08-03 05:36:48'),
(691, 'Ranganathan,Manigandan', 'Vanathu Chinnappan,Senthil Kumar', '10300065', 'G701912', NULL, NULL, NULL, 2, 2, '2017-08-03 05:36:48'),
(692, 'Jeyavel,Surendar', 'Sunder,Ashwin', '10300073', 'G701906', NULL, NULL, NULL, 2, 2, '2017-08-03 05:36:48'),
(693, 'Munusamy,Karthik', 'Sivagnanam,Sampath Kumar', '10300075', 'G701908', NULL, NULL, NULL, 2, 2, '2017-08-03 05:36:48'),
(694, 'Sekar,Kamala Kannan', 'Shankar,Karthikeyan', '10300076', 'G701907', NULL, NULL, NULL, 2, 2, '2017-08-03 05:36:48'),
(695, 'Arafath,Yasar', 'Lakshmanan,Ganesh Kumar', '10300090', 'G701911', NULL, NULL, NULL, 2, 2, '2017-08-03 05:36:48'),
(696, 'Anbu,Yuvaraj Prabhu', 'Pasupatham,Sundararaman', '10300719', 'G701913', NULL, NULL, NULL, 2, 2, '2017-08-03 05:36:48'),
(697, 'Perumal Chembian,Saravana', 'Vedhaiyan,Anand', '10300722', 'G701915', NULL, NULL, NULL, 2, 2, '2017-08-03 05:36:48'),
(698, 'Rathinam,Manikandan', 'Ganesan,Ramesh Kumar', '10300723', 'G701916', NULL, NULL, NULL, 2, 2, '2017-08-03 05:36:48'),
(699, 'Subramani,Suresh', 'Sivagnanam,Sampath Kumar', '10300726', 'G701919', NULL, NULL, NULL, 2, 2, '2017-08-03 05:36:48'),
(700, 'Manoharan,Suresh', 'Selvaraj,Karthikeyan', '10301095', 'G701921', NULL, NULL, NULL, 2, 2, '2017-08-03 05:36:48'),
(701, 'Vijayakumar,Jacob Prem Kumar', 'Selvakumarasamy,Jagadish', '10301160', 'G701922', NULL, NULL, NULL, 2, 2, '2017-08-03 05:36:48'),
(702, 'Sriramulu,Sakila', 'Morais,Manuel Desmond', '10301162', 'G701923', NULL, NULL, NULL, 2, 2, '2017-08-03 05:36:49'),
(703, 'Sridhar,Govarthana', 'Ganesan,Ramesh Kumar', '10301163', 'G701924', NULL, NULL, NULL, 2, 2, '2017-08-03 05:36:49'),
(704, 'Jayakumar,Kamal Hasan', 'Ganesan,Ramesh Kumar', '10301164', 'G701925', NULL, NULL, NULL, 2, 2, '2017-08-03 05:36:49'),
(705, 'Joshi,Kailash', 'Mohapatra,Pranaya Kumar', '10301195', 'G701929', NULL, NULL, NULL, 2, 2, '2017-08-03 05:36:49'),
(706, 'Johnson,Joji', 'Kolavi,Mahesh', '10301285', 'G701930', NULL, NULL, NULL, 2, 2, '2017-08-03 05:36:49'),
(707, 'Bose,Ashok', 'Lakshmanan,Ganesh Kumar', '10301286', 'G701931', NULL, NULL, NULL, 2, 2, '2017-08-03 05:36:49'),
(708, 'Ravi,Galwin', 'Shankar,Karthikeyan', '10301287', 'G701932', NULL, NULL, NULL, 2, 2, '2017-08-03 05:36:49'),
(709, 'Selvaraj,Saravanan', 'Sivagnanam,Sampath Kumar', '10301288', 'G701933', NULL, NULL, NULL, 2, 2, '2017-08-03 05:36:49'),
(710, 'Chandrasekar,Vignesh', 'Pasupatham,Sundararaman', '10301291', 'G701934', NULL, NULL, NULL, 2, 2, '2017-08-03 05:36:49'),
(711, 'Padmanaban,Praveen Kumar', 'Raju,Prasad', '10301808', 'G701937', NULL, NULL, NULL, 2, 2, '2017-08-03 05:36:49'),
(712, 'Ammarao,Venkateswara Rao', 'Shankar,Karthikeyan', '10302417', 'G701940', NULL, NULL, NULL, 2, 2, '2017-08-03 05:36:49'),
(713, 'Palanivelrajan,Maheshwaran', 'Gnanaprakasam,Sathiya Manikandan', '10302461', 'G701943', NULL, NULL, NULL, 2, 2, '2017-08-03 05:36:49'),
(714, 'Masilamani,Ravi', 'Sivagnanam,Sampath Kumar', '10302462', 'G701944', NULL, NULL, NULL, 2, 2, '2017-08-03 05:36:49'),
(715, 'Ramalingam,Ramprasath', 'Kolavi,Mahesh', '10303100', 'G701945', NULL, NULL, NULL, 2, 2, '2017-08-03 05:36:49'),
(716, 'Nallasivan,Ganapathy Subramanian', 'Sivagnanam,Sampath Kumar', '10303564', 'G701946', NULL, NULL, NULL, 2, 2, '2017-08-03 05:36:49'),
(717, 'Dutta,Nandini', 'Hill,Jean-Richard', '10303634', 'G200684', NULL, NULL, NULL, 2, 2, '2017-08-03 05:36:49'),
(718, 'Anathabaskaran,Thanigaivelan', 'Kolavi,Mahesh', '10304320', 'G701948', NULL, NULL, NULL, 2, 2, '2017-08-03 05:36:50'),
(719, 'Thangavel,Rani', 'Morais,Manuel Desmond', '10304321', 'G701949', NULL, NULL, NULL, 2, 2, '2017-08-03 05:36:50'),
(720, 'Mohan,Shri Kalaivani', 'Subramanian,Balamurugan', '10304730', 'G701952', NULL, NULL, NULL, 2, 2, '2017-08-03 05:36:50'),
(721, 'Manikkam,Yuvaraj', 'Morais,Manuel Desmond', '10304795', 'G701950', NULL, NULL, NULL, 2, 2, '2017-08-03 05:36:50'),
(722, 'Ramesh Babu,Swetha', 'Selvakumarasamy,Jagadish', '10305601', 'G701954', NULL, NULL, NULL, 2, 2, '2017-08-03 05:36:50'),
(723, 'Ramamoorthy,Nirmal Kumar', 'Gnanaprakasam,Sathiya Manikandan', '10306219', 'G701959', NULL, NULL, NULL, 2, 2, '2017-08-03 05:36:50'),
(724, 'Vinothkumar,Urmila', 'Morais,Manuel Desmond', '10307485', 'G701966', NULL, NULL, NULL, 2, 2, '2017-08-03 05:36:50'),
(725, 'Bannihatti Mohankumar,Prashant', 'Khurana,Nandita', '10309336', 'G701974', NULL, NULL, NULL, 2, 2, '2017-08-03 05:36:50'),
(726, 'Alwin Paul,Reuben Prasanna Raj', 'Ramanujam,Srinivasan', '10310163', 'G701980', NULL, NULL, NULL, 2, 2, '2017-08-03 05:36:50'),
(727, 'Dhuraikannu,Nagarajan', 'Karuppaiah,Gajarajan', '10310165', 'G701982', NULL, NULL, NULL, 2, 2, '2017-08-03 05:36:50'),
(728, 'Chandrasekhar Reddy,Bhargav Kishore Reddy', 'Vedhaiyan,Anand', '10310631', 'G701993', NULL, NULL, NULL, 2, 2, '2017-08-03 05:36:50'),
(729, 'Madan Sahoo,Benudhar Sahoo', 'Muniraj,Prabeshwar', '10310635', 'G701995', NULL, NULL, NULL, 2, 2, '2017-08-03 05:36:50'),
(730, 'Kalidasan,Tamil', 'Subramanian,Sathish Kumar', '10311267', 'G702001', NULL, NULL, NULL, 2, 2, '2017-08-03 05:36:50'),
(731, 'James,Jeffrey Praveen', 'Arogyasami,Mannar Mannan', '10311269', 'G702003', NULL, NULL, NULL, 2, 2, '2017-08-03 05:36:50'),
(732, 'Murugesan,Prabakaran', 'Sunder,Ashwin', '10311270', 'G702004', NULL, NULL, NULL, 2, 2, '2017-08-03 05:36:50'),
(733, 'Prakash,Aravind', 'Perumal,Nagarajan', '10311271', 'G702005', NULL, NULL, NULL, 2, 2, '2017-08-03 05:36:50'),
(734, 'Pasam Balaji,Kalpana', 'Perumal,Nagarajan', '10311272', 'G702006', NULL, NULL, NULL, 2, 2, '2017-08-03 05:36:50'),
(735, 'Subramani,Prasanth', 'Ganesan,Ramesh Kumar', '10311663', 'G702007', NULL, NULL, NULL, 2, 2, '2017-08-03 05:36:50'),
(736, 'Suriyakumar,Gomathi', 'Ramalingam,Gopinath', '10311664', 'G702008', NULL, NULL, NULL, 2, 2, '2017-08-03 05:36:50'),
(737, 'Pachayappan,Alagesan', 'Sivagnanam,Sampath Kumar', '10311665', 'G702009', NULL, NULL, NULL, 2, 2, '2017-08-03 05:36:51'),
(738, 'Ramu,Arumuga Kumar', 'Subramanian,Sathish Kumar', '10311666', 'G702011', NULL, NULL, NULL, 2, 2, '2017-08-03 05:36:51'),
(739, 'Parthiban,Chithirai Kumar', 'Sunder,Ashwin', '10311668', 'G702012', NULL, NULL, NULL, 2, 2, '2017-08-03 05:36:51'),
(740, 'Kannan,Diwakar', 'Ganesan,Ramesh Kumar', '10312602', 'G702026', NULL, NULL, NULL, 2, 2, '2017-08-03 05:36:51'),
(741, 'Kupparao,Vijay', 'Ganesan,Ramesh Kumar', '10312603', 'G702027', NULL, NULL, NULL, 2, 2, '2017-08-03 05:36:51'),
(742, 'Mohana Kumar,Siva Sachin', 'Ganesan,Ramesh Kumar', '10312604', 'G702028', NULL, NULL, NULL, 2, 2, '2017-08-03 05:36:51'),
(743, 'Mookkaiyah,Antony Raj', 'Arogyasami,Mannar Mannan', '10312883', 'G702032', NULL, NULL, NULL, 2, 2, '2017-08-03 05:36:51'),
(744, 'Gopi,Jawahar', 'Subramanian,Sathish Kumar', '10312884', 'G702033', NULL, NULL, NULL, 2, 2, '2017-08-03 05:36:51'),
(745, 'Krishnan Pillai,Chokku Raja', 'Kolavi,Mahesh', '10312885', 'G702034', NULL, NULL, NULL, 2, 2, '2017-08-03 05:36:51'),
(746, 'Kaliappan,Sowmiya', 'Lenin,Elankumaran', '10312886', 'G702035', NULL, NULL, NULL, 2, 2, '2017-08-03 05:36:51'),
(747, 'Kalyana Sundaram,Purushothaman', 'Kolavi,Mahesh', '10312888', 'G702037', NULL, NULL, NULL, 2, 2, '2017-08-03 05:36:51'),
(748, 'Govindaswamy,Arunkumar', 'Ponnuswamy,Venkatesh', '10312889', 'G702038', NULL, NULL, NULL, 2, 2, '2017-08-03 05:36:51'),
(749, 'MG,Madhan', 'Sivagnanam,Sampath Kumar', '10313255', 'G702040', NULL, NULL, NULL, 2, 2, '2017-08-03 05:36:51'),
(750, 'Munivel,Manikandan', 'Selvakumarasamy,Jagadish', '10313256', 'G702041', NULL, NULL, NULL, 2, 2, '2017-08-03 05:36:51'),
(751, 'Vannakkili,Sarala Devi', 'Selvakumarasamy,Jagadish', '10313257', 'G702042', NULL, NULL, NULL, 2, 2, '2017-08-03 05:36:51'),
(752, 'Dhanapal,Bhuvana', 'Karuppaiah,Gajarajan', '10313259', 'G702044', NULL, NULL, NULL, 2, 2, '2017-08-03 05:36:51'),
(753, 'Dhayalan,Ilaiyarasu', 'Karuppaiah,Gajarajan', '10313260', 'G702045', NULL, NULL, NULL, 2, 2, '2017-08-03 05:36:51'),
(754, 'Gunasekaran,Suman', 'Sunder,Ashwin', '10313261', 'G702046', NULL, NULL, NULL, 2, 2, '2017-08-03 05:36:51'),
(755, 'Egambaram,Vinoth Kumar', 'Vedhaiyan,Anand', '10313263', 'G702048', NULL, NULL, NULL, 2, 2, '2017-08-03 05:36:51'),
(756, 'Ravichandran,Praveen Kumar', 'Kolavi,Mahesh', '10313279', 'G702052', NULL, NULL, NULL, 2, 2, '2017-08-03 05:36:51'),
(757, 'Parthiban,Prem Kumar', 'Sivagnanam,Sampath Kumar', '10313280', 'G702053', NULL, NULL, NULL, 2, 2, '2017-08-03 05:36:52'),
(758, 'Kuppuswamy,Ranjith Kumar', 'Gnanaprakasam,Sathiya Manikandan', '10313360', 'G702056', NULL, NULL, NULL, 2, 2, '2017-08-03 05:36:52'),
(759, 'Tamil Sudar,Murugan', 'Ganesan,Ramesh Kumar', '10313361', 'G702057', NULL, NULL, NULL, 2, 2, '2017-08-03 05:36:52'),
(760, 'Mahadevan,Suresh', 'Kolavi,Mahesh', '10314518', 'G702073', NULL, NULL, NULL, 2, 2, '2017-08-03 05:36:52'),
(761, 'Anbumani,Suresh Kumar', 'Selvakumarasamy,Jagadish', '10314523', 'G702071', NULL, NULL, NULL, 2, 2, '2017-08-03 05:36:52'),
(762, 'Manivannan,Gokul', 'Ganesan,Ramesh Kumar', '10314803', 'G702075', NULL, NULL, NULL, 2, 2, '2017-08-03 05:36:52'),
(763, 'Jayaprakasam,Nagaraj', 'Gengadharan,Mageshwaran', '10314804', 'G702076', NULL, NULL, NULL, 2, 2, '2017-08-03 05:36:52'),
(764, 'Rajendran,Srinivasan', 'Ganesan,Ramesh Kumar', '10314805', 'G702077', NULL, NULL, NULL, 2, 2, '2017-08-03 05:36:52'),
(765, 'Rajendhiran,Vinoth', 'Sundararajan,Navaneetharajan', '10314835', 'G702078', NULL, NULL, NULL, 2, 2, '2017-08-03 05:36:52'),
(766, 'Kamakotti,Jayakumar', 'Vanathu Chinnappan,Senthil Kumar', '10314843', 'G702079', NULL, NULL, NULL, 2, 2, '2017-08-03 05:36:52'),
(767, 'Chidambaram,Anand', 'Gengadharan,Mageshwaran', '10314993', 'G702081', NULL, NULL, NULL, 2, 2, '2017-08-03 05:36:52'),
(768, 'Satheesh,Nakul Chakkiyath', 'Vadivelu,Kishonth', '10315226', 'G702083', NULL, NULL, NULL, 2, 2, '2017-08-03 05:36:52'),
(769, 'Bhagawathi,Rahul B.S.', 'Subramanian,Sathish Kumar', '10315676', 'G702151', NULL, NULL, NULL, 2, 2, '2017-08-03 05:36:52'),
(770, 'Arockiya Dass,Lennol James', 'Gengadharan,Mageshwaran', '10315677', 'G702150', NULL, NULL, NULL, 2, 2, '2017-08-03 05:36:52'),
(771, 'Ravi,Vignesh', 'Muniraj,Prabeshwar', '10315678', 'G702156', NULL, NULL, NULL, 2, 2, '2017-08-03 05:36:52'),
(772, 'Devaraj,Kothandaraman', 'Vedhaiyan,Anand', '10315747', 'G702157', NULL, NULL, NULL, 2, 2, '2017-08-03 05:36:52'),
(773, 'Vannakkili,Aravind', 'Ramanujam,Srinivasan', '10315839', 'G702154', NULL, NULL, NULL, 2, 2, '2017-08-03 05:36:52'),
(774, 'Devan,Elumalai', 'Karuppaiah,Gajarajan', '10315841', 'G702152', NULL, NULL, NULL, 2, 2, '2017-08-03 05:36:52'),
(775, 'Mohan,Kumar', 'Muniraj,Prabeshwar', '10315844', 'G702148', NULL, NULL, NULL, 2, 2, '2017-08-03 05:36:52'),
(776, 'Boopalan,Premanand', 'Selvakumarasamy,Jagadish', '10315845', 'G702155', NULL, NULL, NULL, 2, 2, '2017-08-03 05:36:52'),
(777, 'Dayalan,Sathish', 'Sunder,Ashwin', '10315846', 'G702153', NULL, NULL, NULL, 2, 2, '2017-08-03 05:36:53'),
(778, 'Karunakaran,Vaidegi', 'Morais,Manuel Desmond', '10315847', 'G702147', NULL, NULL, NULL, 2, 2, '2017-08-03 05:36:53'),
(779, 'Sivakumar,Valter', 'Vedhaiyan,Anand', '10315848', 'G702146', NULL, NULL, NULL, 2, 2, '2017-08-03 05:36:53'),
(780, 'Narayanaswamy,Vengadesan', 'Vedhaiyan,Anand', '10315850', 'G702144', NULL, NULL, NULL, 2, 2, '2017-08-03 05:36:53'),
(781, 'Sekar,Sathish', 'Muniraj,Prabeshwar', '10316200', 'G702143', NULL, NULL, NULL, 2, 2, '2017-08-03 05:36:53'),
(782, 'Nalla Mohamed,Umar Farooq', 'Morais,Manuel Desmond', '10316479', 'G702158', NULL, NULL, NULL, 2, 2, '2017-08-03 05:36:53'),
(783, 'Subramani,Sundar', 'Sivagnanam,Sampath Kumar', '10316482', 'G702159', NULL, NULL, NULL, 2, 2, '2017-08-03 05:36:53'),
(784, 'Mani,Sahaya Raja', 'Lenin,Elankumaran', '10316486', 'G702161', NULL, NULL, NULL, 2, 2, '2017-08-03 05:36:53'),
(785, 'Kothandan,Raja', 'Ramanujam,Srinivasan', '10316489', 'G702162', NULL, NULL, NULL, 2, 2, '2017-08-03 05:36:53'),
(786, 'Rajendiran,Velmurugan', 'Subramanian,Sathish Kumar', '10316491', 'G702163', NULL, NULL, NULL, 2, 2, '2017-08-03 05:36:53'),
(787, 'Gopalakrishnan,Kavivelavan', 'Ponnuswamy,Venkatesh', '10316536', 'G702164', NULL, NULL, NULL, 2, 2, '2017-08-03 05:36:53'),
(788, 'Manoharan,Vivek', 'Ganesan,Ramesh Kumar', '10316537', 'G702165', NULL, NULL, NULL, 2, 2, '2017-08-03 05:36:53'),
(789, 'Chandran,Thiagu', 'Vanathu Chinnappan,Senthil Kumar', '10316538', 'G702166', NULL, NULL, NULL, 2, 2, '2017-08-03 05:36:53'),
(790, 'Sugunakar,ManojKumar', 'Arogyasami,Mannar Mannan', '10316722', 'G702167', NULL, NULL, NULL, 2, 2, '2017-08-03 05:36:53'),
(791, 'Ramana,Pooja', 'Vedhaiyan,Anand', '10317091', 'G702172', NULL, NULL, NULL, 2, 2, '2017-08-03 05:36:53'),
(792, 'Vengadesan,Silambarasan', 'Gengadharan,Mageshwaran', '10317094', 'G702173', NULL, NULL, NULL, 2, 2, '2017-08-03 05:36:53'),
(793, 'Devendran,Nirmal Kumar', 'Muniraj,Prabeshwar', '10317096', 'G702175', NULL, NULL, NULL, 2, 2, '2017-08-03 05:36:53'),
(794, 'Krishnamoorthy,Satheesh', 'Larriere,Daniel', '10317658', 'G702177', NULL, NULL, NULL, 2, 2, '2017-08-03 05:36:54'),
(795, 'Chandrasekaran,Thamizhvalavan', 'Subramanian,Sathish Kumar', '10317904', 'G702178', NULL, NULL, NULL, 2, 2, '2017-08-03 05:36:54'),
(796, 'Irudayamani,Kapil Dev', 'Arogyasami,Mannar Mannan', '10317905', 'G702179', NULL, NULL, NULL, 2, 2, '2017-08-03 05:36:54'),
(797, 'Karuppasamy,Chinnadurai', 'Ganesan,Ramesh Kumar', '10317906', 'G702180', NULL, NULL, NULL, 2, 2, '2017-08-03 05:36:54'),
(798, 'Harinarayanan,Pasupathiraja Perumal', 'Subramanian,Sathish Kumar', '10317908', 'G702182', NULL, NULL, NULL, 2, 2, '2017-08-03 05:36:54'),
(799, 'Anbazhagan,Ramesh', 'Sunder,Ashwin', '10317984', 'G702183', NULL, NULL, NULL, 2, 2, '2017-08-03 05:36:54'),
(800, 'Murugan,Narayanan', 'Kolavi,Mahesh', '10318730', 'G702193', NULL, NULL, NULL, 2, 2, '2017-08-03 05:36:54'),
(801, 'Dharmalingam,Kumaran', 'Muniraj,Prabeshwar', '10318731', 'G702194', NULL, NULL, NULL, 2, 2, '2017-08-03 05:36:54'),
(802, 'Jeyaraj,Sathish Kumar', 'Ramanujam,Srinivasan', '10318732', 'G702195', NULL, NULL, NULL, 2, 2, '2017-08-03 05:36:54'),
(803, 'Srinivasan,Praveen Kumar', 'Selvaraj,Karthikeyan', '10318734', 'G702197', NULL, NULL, NULL, 2, 2, '2017-08-03 05:36:54'),
(804, 'Jena Susantha Jen,Sameer Kumar', 'Vanathu Chinnappan,Senthil Kumar', '10319277', 'G702202', NULL, NULL, NULL, 2, 2, '2017-08-03 05:36:54'),
(805, 'Gopikrishnan,Dinesh kumar', 'Sunder,Ashwin', '10319281', 'G702203', NULL, NULL, NULL, 2, 2, '2017-08-03 05:36:54'),
(806, 'Ramakrishna,Gangadharam', 'Subramanian,Sathish Kumar', '10319284', 'G702204', NULL, NULL, NULL, 2, 2, '2017-08-03 05:36:54'),
(807, 'kumarasamy,Thamarai Selvan', 'Sunder,Ashwin', '10319286', 'G702205', NULL, NULL, NULL, 2, 2, '2017-08-03 05:36:54'),
(808, 'Dhanabal,Vetrivendhan', 'Sunder,Ashwin', '10319288', 'G702206', NULL, NULL, NULL, 2, 2, '2017-08-03 05:36:54');
INSERT INTO `tbl_BasicDetails` (`id`, `Name`, `managerName`, `chorusId`, `GId`, `location`, `department`, `gender`, `customerId`, `adminId`, `createdAt`) VALUES
(809, 'Ganesan,Deepa', 'Subramanian,Balamurugan', '10319497', 'G702211', NULL, NULL, NULL, 2, 2, '2017-08-03 05:36:54'),
(810, 'James,Prem Kumar', 'Vedhaiyan,Anand', '10319757', 'G702213', NULL, NULL, NULL, 2, 2, '2017-08-03 05:36:54'),
(811, 'Mageshwaran,Thirupura Sundari', 'Selvakumarasamy,Jagadish', '10319759', 'G702214', NULL, NULL, NULL, 2, 2, '2017-08-03 05:36:54'),
(812, 'Sekar,Vasanthi', 'Selvakumarasamy,Jagadish', '10319761', 'G702215', NULL, NULL, NULL, 2, 2, '2017-08-03 05:36:54'),
(813, 'Vijayakumar,Magesh', 'Selvakumarasamy,Jagadish', '10319762', 'G702216', NULL, NULL, NULL, 2, 2, '2017-08-03 05:36:54'),
(814, 'Kesavan,Manikandan', 'Ganesan,Ramesh Kumar', '10320560', 'G702225', NULL, NULL, NULL, 2, 2, '2017-08-03 05:36:54'),
(815, 'Venkatesan,Srinivasan', 'Sivagnanam,Sampath Kumar', '10320563', 'G702228', NULL, NULL, NULL, 2, 2, '2017-08-03 05:36:55'),
(816, 'Murugesan,Mahendran', 'Selvaraj,Karthikeyan', '10320564', 'G702229', NULL, NULL, NULL, 2, 2, '2017-08-03 05:36:55'),
(817, 'Dayanithi,Dharmesh', 'Sunder,Ashwin', '10320595', 'G702230', NULL, NULL, NULL, 2, 2, '2017-08-03 05:36:55'),
(818, 'Perumal,Udai Kumar', 'Ramanujam,Srinivasan', '10320596', 'G702231', NULL, NULL, NULL, 2, 2, '2017-08-03 05:36:55'),
(819, 'Ravichandran,Aravindan', 'Selvaraj,Karthikeyan', '10320597', 'G702232', NULL, NULL, NULL, 2, 2, '2017-08-03 05:36:55'),
(820, 'Tharagaram,Aravindan', 'Ganesan,Ramesh Kumar', '10320598', 'G702233', NULL, NULL, NULL, 2, 2, '2017-08-03 05:36:55'),
(821, 'Raj,Priyadharshan Eswar', 'Sunder,Ashwin', '10320599', 'G702234', NULL, NULL, NULL, 2, 2, '2017-08-03 05:36:55'),
(822, 'Ganesan,Jayavelu', 'Sivagnanam,Sampath Kumar', '10320865', 'G702237', NULL, NULL, NULL, 2, 2, '2017-08-03 05:36:55'),
(823, 'Velmurugan,Venkatesh', 'Sunder,Ashwin', '10320867', 'G702238', NULL, NULL, NULL, 2, 2, '2017-08-03 05:36:55'),
(824, 'rajan,Selvindurai Solomon', 'Ganesan,Ramesh Kumar', '10320868', 'G702239', NULL, NULL, NULL, 2, 2, '2017-08-03 05:36:55'),
(825, 'Murugan,Gnanavel', 'Sivagnanam,Sampath Kumar', '10321119', 'G702241', NULL, NULL, NULL, 2, 2, '2017-08-03 05:36:55'),
(826, 'Ssrinivasan,Vinoth Kumar', 'Subramanian,Sathish Kumar', '10321120', 'G702242', NULL, NULL, NULL, 2, 2, '2017-08-03 05:36:55'),
(827, 'Raja,Alex', 'Sunder,Ashwin', '10321121', 'G702243', NULL, NULL, NULL, 2, 2, '2017-08-03 05:36:55'),
(828, 'Subramani,Dillibabu', 'Ramanujam,Srinivasan', '10321122', 'G702244', NULL, NULL, NULL, 2, 2, '2017-08-03 05:36:55'),
(829, 'Dashinamoorthy,Selvakumar', 'Ramanujam,Srinivasan', '10321123', 'G702245', NULL, NULL, NULL, 2, 2, '2017-08-03 05:36:55'),
(830, 'Munusamy,Devendran', 'Selvaraj,Karthikeyan', '10321161', 'G702246', NULL, NULL, NULL, 2, 2, '2017-08-03 05:36:55'),
(831, 'Babu,Sarala', 'Morais,Manuel Desmond', '10321162', 'G702247', NULL, NULL, NULL, 2, 2, '2017-08-03 05:36:55'),
(832, 'Palani,Panchavarnam', 'Selvakumarasamy,Jagadish', '10321303', 'G702251', NULL, NULL, NULL, 2, 2, '2017-08-03 05:36:55'),
(833, 'Cuddalore Santhanakrishnan,Venkatesh', 'Lamba,Hardeep Singh', '10321425', 'G702252', NULL, NULL, NULL, 2, 2, '2017-08-03 05:36:56'),
(834, 'Munusamy,Manikandan', 'Lenin,Elankumaran', '10321607', 'G702255', NULL, NULL, NULL, 2, 2, '2017-08-03 05:36:56'),
(835, 'Raghu,Dhalapathy', 'Ramanujam,Srinivasan', '10321913', 'G702256', NULL, NULL, NULL, 2, 2, '2017-08-03 05:36:56'),
(836, 'Chidambaram,Dinesh', 'Ramanujam,Srinivasan', '10321916', 'G702257', NULL, NULL, NULL, 2, 2, '2017-08-03 05:36:56'),
(837, 'Dhanapal,Balakumar', 'Ganesan,Ramesh Kumar', '10321983', 'G702261', NULL, NULL, NULL, 2, 2, '2017-08-03 05:36:56'),
(838, 'Shankar,Karthick', 'Selvakumarasamy,Jagadish', '10321984', 'G702262', NULL, NULL, NULL, 2, 2, '2017-08-03 05:36:56'),
(839, 'Mani,Velmurugan', 'Shankar,Karthikeyan', '10322139', 'G702264', NULL, NULL, NULL, 2, 2, '2017-08-03 05:36:56'),
(840, 'Jayaraj,Mathew', 'Sivagnanam,Sampath Kumar', '10322140', 'G702265', NULL, NULL, NULL, 2, 2, '2017-08-03 05:36:56'),
(841, 'Govindaraj,Karthikeyan', 'Selvakumarasamy,Jagadish', '10322246', 'G702267', NULL, NULL, NULL, 2, 2, '2017-08-03 05:36:56'),
(842, 'Parivallal,Gokulraj', 'Ganesan,Ramesh Kumar', '10326466', 'G702339', NULL, NULL, NULL, 2, 2, '2017-08-03 05:36:56'),
(843, 'Tamilarasan,Dinesh', 'Sivagnanam,Sampath Kumar', '10327810', 'G702340', NULL, NULL, NULL, 2, 2, '2017-08-03 05:36:56'),
(844, 'Sekar,Mekala Hari Ravi', 'Ramanujam,Srinivasan', '10327811', 'G702341', NULL, NULL, NULL, 2, 2, '2017-08-03 05:36:56'),
(845, 'Neelamegam,Prakash Raj', 'Subramanian,Sathish Kumar', '10327813', 'G702342', NULL, NULL, NULL, 2, 2, '2017-08-03 05:36:56'),
(846, 'Mubarak,Mohamed Thoufeeq', 'Subramanian,Sathish Kumar', '10327816', 'G702343', NULL, NULL, NULL, 2, 2, '2017-08-03 05:36:56'),
(847, 'Subramanian,Jeeva', 'Subburam,Vinoodh Kumar', '10327825', 'G702344', NULL, NULL, NULL, 2, 2, '2017-08-03 05:36:56'),
(848, 'Adhikesavan,Vinoth Kumar', 'Pasupatham,Sundararaman', '10327827', 'G702345', NULL, NULL, NULL, 2, 2, '2017-08-03 05:36:56'),
(849, 'Boopathy,Prithiviraj', 'Subburam,Vinoodh Kumar', '10327889', 'G702346', NULL, NULL, NULL, 2, 2, '2017-08-03 05:36:56'),
(850, 'Dhanachezhiyan,Thanigai Babu', 'Subburam,Vinoodh Kumar', '10327891', 'G702347', NULL, NULL, NULL, 2, 2, '2017-08-03 05:36:56'),
(851, 'K.V,Anandhan Raja', 'Subburam,Vinoodh Kumar', '10327893', 'G702349', NULL, NULL, NULL, 2, 2, '2017-08-03 05:36:56'),
(852, 'Sekar,Boopathy Raj', 'Subburam,Vinoodh Kumar', '10327894', 'G702350', NULL, NULL, NULL, 2, 2, '2017-08-03 05:36:57'),
(853, 'Vasudevan,Damodharan', 'Subburam,Vinoodh Kumar', '10327895', 'G702351', NULL, NULL, NULL, 2, 2, '2017-08-03 05:36:57'),
(854, 'C,Elango Suresh', 'Muniraj,Prabeshwar', '10327896', 'G702352', NULL, NULL, NULL, 2, 2, '2017-08-03 05:36:57'),
(855, 'Basha,Kalesha Gouse', 'Vanathu Chinnappan,Senthil Kumar', '10327897', 'G702353', NULL, NULL, NULL, 2, 2, '2017-08-03 05:36:57'),
(856, 'Mathavan,Manoj', 'Subramanian,Sathish Kumar', '10327898', 'G702354', NULL, NULL, NULL, 2, 2, '2017-08-03 05:36:57'),
(857, 'Venkatesh,Vishal', 'Subramanian,Sathish Kumar', '10327899', 'G702355', NULL, NULL, NULL, 2, 2, '2017-08-03 05:36:57'),
(858, 'Murugesan,Narendra', 'Ramanujam,Srinivasan', '10327900', 'G702356', NULL, NULL, NULL, 2, 2, '2017-08-03 05:36:57'),
(859, 'Parthiban,Rajesh Kumar', 'Selvakumarasamy,Jagadish', '10327901', 'G702357', NULL, NULL, NULL, 2, 2, '2017-08-03 05:36:57'),
(860, 'Mahesh bbau,Dinesh Babu', 'Karuppaiah,Gajarajan', '10327902', 'G702358', NULL, NULL, NULL, 2, 2, '2017-08-03 05:36:57'),
(861, 'Suresh Babu,VijayaKumar', 'Selvakumarasamy,Jagadish', '10327905', 'G702360', NULL, NULL, NULL, 2, 2, '2017-08-03 05:36:57'),
(862, 'Purushotham,Noothan Kumar', 'Selvakumarasamy,Jagadish', '10327904', 'G702359', NULL, NULL, NULL, 2, 2, '2017-08-03 05:36:57'),
(863, 'A V,Jeyanthram Mohan', 'Pasupatham,Sundararaman', '10328093', 'G702362', NULL, NULL, NULL, 2, 2, '2017-08-03 05:36:57'),
(864, 'Baskar,Sathish', 'Ganesan,Ramesh Kumar', '10328353', 'G702363', NULL, NULL, NULL, 2, 2, '2017-08-03 05:36:57'),
(865, 'Ramanathan,Gopinath', 'Subburam,Vinoodh Kumar', '10328355', 'G702365', NULL, NULL, NULL, 2, 2, '2017-08-03 05:36:57'),
(866, 'Kuppan,Kishore Kumar', 'Subburam,Vinoodh Kumar', '10328356', 'G702366', NULL, NULL, NULL, 2, 2, '2017-08-03 05:36:57'),
(867, 'Ekambaram,Dinesh', 'Subramanian,Sathish Kumar', '10328357', 'G702367', NULL, NULL, NULL, 2, 2, '2017-08-03 05:36:57'),
(868, 'Pannerselvam,Raj Kumar', 'Subburam,Vinoodh Kumar', '10328462', 'G702369', NULL, NULL, NULL, 2, 2, '2017-08-03 05:36:57'),
(869, 'Munuswamy,Ramachandran', 'Jalaludeen,Mohamed Hasan', '10328467', 'G702370', NULL, NULL, NULL, 2, 2, '2017-08-03 05:36:58'),
(870, 'Raghupathi,Vimal Kumar', 'Ramanujam,Srinivasan', '10328469', 'G702371', NULL, NULL, NULL, 2, 2, '2017-08-03 05:36:58'),
(871, 'Chandran,Kiran Kumar', 'Sivagnanam,Sampath Kumar', '10328472', 'G702372', NULL, NULL, NULL, 2, 2, '2017-08-03 05:36:58'),
(872, 'Ramesh,Ramya', 'Subburam,Vinoodh Kumar', '10328473', 'G702373', NULL, NULL, NULL, 2, 2, '2017-08-03 05:36:58'),
(873, 'Perumal,Nagarajan', 'Thibout,Christophe', '10248441', 'G700020', NULL, NULL, NULL, 2, 2, '2017-08-03 05:36:58'),
(874, 'Patil,Kalyan G', 'Thibout,Christophe', '10260284', 'G700991', NULL, NULL, NULL, 2, 2, '2017-08-03 05:36:58'),
(875, 'Morais,Manuel Desmond', 'Thibout,Christophe', '10268318', 'G700244', NULL, NULL, NULL, 2, 2, '2017-08-03 05:36:58');

-- --------------------------------------------------------

--
-- Table structure for table `tbl_batch`
--

CREATE TABLE IF NOT EXISTS `tbl_batch` (
  `batchId` int(11) NOT NULL,
  `batchName` varchar(255) DEFAULT NULL,
  `description` text,
  `customerId` int(11) DEFAULT NULL,
  `adminId` int(11) DEFAULT NULL,
  `createdAt` datetime DEFAULT NULL
) ENGINE=InnoDB DEFAULT CHARSET=latin1;

-- --------------------------------------------------------

--
-- Table structure for table `tbl_Department`
--

CREATE TABLE IF NOT EXISTS `tbl_Department` (
  `dprtId` int(11) NOT NULL,
  `department` varchar(255) DEFAULT NULL,
  `customerId` int(11) DEFAULT NULL,
  `adminId` int(11) DEFAULT NULL,
  `createdAt` datetime DEFAULT NULL
) ENGINE=InnoDB AUTO_INCREMENT=5 DEFAULT CHARSET=latin1;

--
-- Dumping data for table `tbl_Department`
--

INSERT INTO `tbl_Department` (`dprtId`, `department`, `customerId`, `adminId`, `createdAt`) VALUES
(1, 'L&D', 2, 2, '2017-08-03 05:46:20'),
(2, 'Others', 2, 2, '2017-08-03 05:53:18'),
(3, 'Developer', 2, 2, '2017-08-03 05:55:09'),
(4, 'Tetsts', 2, 2, '2017-08-03 10:19:17');

-- --------------------------------------------------------

--
-- Table structure for table `tbl_employee`
--

CREATE TABLE IF NOT EXISTS `tbl_employee` (
  `empId` int(11) NOT NULL,
  `userId` int(11) DEFAULT NULL,
  `employeeName` varchar(255) DEFAULT NULL,
  `gender` varchar(249) DEFAULT NULL,
  `employeeType` varchar(255) DEFAULT NULL,
  `department` int(11) DEFAULT NULL,
  `location` int(11) DEFAULT NULL,
  `chorusId` varchar(255) DEFAULT NULL,
  `customerId` int(11) DEFAULT NULL,
  `adminId` int(11) DEFAULT NULL,
  `createdAt` datetime DEFAULT NULL
) ENGINE=InnoDB DEFAULT CHARSET=latin1;

-- --------------------------------------------------------

--
-- Table structure for table `tbl_location`
--

CREATE TABLE IF NOT EXISTS `tbl_location` (
  `zoneId` int(11) NOT NULL,
  `Location` varchar(255) DEFAULT NULL,
  `customerId` int(11) DEFAULT NULL,
  `adminId` int(11) DEFAULT NULL,
  `createdAt` datetime DEFAULT NULL
) ENGINE=InnoDB AUTO_INCREMENT=2 DEFAULT CHARSET=latin1;

--
-- Dumping data for table `tbl_location`
--

INSERT INTO `tbl_location` (`zoneId`, `Location`, `customerId`, `adminId`, `createdAt`) VALUES
(1, 'Chennai', 2, 2, '2017-08-03 05:46:40');

-- --------------------------------------------------------

--
-- Table structure for table `tbl_mapBatchtoEmployee`
--

CREATE TABLE IF NOT EXISTS `tbl_mapBatchtoEmployee` (
  `id` int(11) NOT NULL,
  `mapModuleId` int(11) DEFAULT NULL,
  `employeeId` varchar(255) DEFAULT NULL,
  `customerId` int(11) DEFAULT NULL,
  `adminId` int(11) DEFAULT NULL,
  `createdAt` datetime DEFAULT NULL
) ENGINE=InnoDB AUTO_INCREMENT=13 DEFAULT CHARSET=latin1;

--
-- Dumping data for table `tbl_mapBatchtoEmployee`
--

INSERT INTO `tbl_mapBatchtoEmployee` (`id`, `mapModuleId`, `employeeId`, `customerId`, `adminId`, `createdAt`) VALUES
(4, 2, '3', 2, 2, '2017-08-03 09:36:59'),
(5, 2, '5', 2, 2, '2017-08-03 09:36:59'),
(6, 2, '8', 2, 2, '2017-08-03 09:36:59'),
(7, 2, '6', 2, 2, '2017-08-03 09:36:59'),
(8, 3, '3', 2, 2, '2017-08-03 10:06:55'),
(9, 3, '5', 2, 2, '2017-08-03 10:06:55'),
(10, 3, '6', 2, 2, '2017-08-03 10:06:55'),
(11, 3, '7', 2, 2, '2017-08-03 10:06:55'),
(12, 3, '8', 2, 2, '2017-08-03 10:06:55');

-- --------------------------------------------------------

--
-- Table structure for table `tbl_mapModule`
--

CREATE TABLE IF NOT EXISTS `tbl_mapModule` (
  `mapId` int(11) NOT NULL,
  `trainerId` int(11) DEFAULT NULL,
  `description` varchar(255) DEFAULT NULL,
  `scheduleDate` varchar(255) DEFAULT NULL,
  `customerId` int(11) DEFAULT NULL,
  `adminId` int(11) DEFAULT NULL,
  `createdAt` datetime DEFAULT NULL
) ENGINE=InnoDB AUTO_INCREMENT=4 DEFAULT CHARSET=latin1;

--
-- Dumping data for table `tbl_mapModule`
--

INSERT INTO `tbl_mapModule` (`mapId`, `trainerId`, `description`, `scheduleDate`, `customerId`, `adminId`, `createdAt`) VALUES
(2, 4, NULL, '08/03/2017 - 08/04/2017', 2, 2, '2017-08-03 09:36:59'),
(3, 4, NULL, '08/03/2017 - 08/07/2017', 2, 2, '2017-08-03 10:06:55');

-- --------------------------------------------------------

--
-- Table structure for table `tbl_mapProgramtoCategory`
--

CREATE TABLE IF NOT EXISTS `tbl_mapProgramtoCategory` (
  `id` int(11) NOT NULL,
  `mapModuleId` int(11) DEFAULT NULL,
  `categoryId` varchar(255) DEFAULT NULL,
  `subCategoryId` varchar(255) DEFAULT NULL,
  `moduleId` varchar(255) DEFAULT NULL,
  `customerId` int(11) DEFAULT NULL,
  `adminId` int(11) DEFAULT NULL,
  `createdAt` datetime DEFAULT NULL
) ENGINE=InnoDB AUTO_INCREMENT=4 DEFAULT CHARSET=latin1;

--
-- Dumping data for table `tbl_mapProgramtoCategory`
--

INSERT INTO `tbl_mapProgramtoCategory` (`id`, `mapModuleId`, `categoryId`, `subCategoryId`, `moduleId`, `customerId`, `adminId`, `createdAt`) VALUES
(2, 2, '1', '1,2', '3,7,6,7,8,9,10,11,12,13,1,14,2', 2, 2, '2017-08-03 09:36:59'),
(3, 3, '1', '1,2', '7,8', 2, 2, '2017-08-03 10:06:55');

-- --------------------------------------------------------

--
-- Table structure for table `tbl_moduleCategory`
--

CREATE TABLE IF NOT EXISTS `tbl_moduleCategory` (
  `cateId` int(11) NOT NULL,
  `ModuleCategory` varchar(255) DEFAULT NULL,
  `description` varchar(255) DEFAULT NULL,
  `trainerId` int(11) DEFAULT NULL,
  `customerId` int(11) DEFAULT NULL,
  `adminId` int(11) DEFAULT NULL,
  `createdAt` datetime DEFAULT NULL
) ENGINE=InnoDB AUTO_INCREMENT=24 DEFAULT CHARSET=latin1;

--
-- Dumping data for table `tbl_moduleCategory`
--

INSERT INTO `tbl_moduleCategory` (`cateId`, `ModuleCategory`, `description`, `trainerId`, `customerId`, `adminId`, `createdAt`) VALUES
(1, 'PHP 5 Tutorial', 'PHP is a server scripting language, and a powerful tool for making dynamic and interactive Web pages.', 4, 2, 2, '2017-08-03 06:03:22'),
(2, 'PHP 5 References', 'At W3Schools you will find complete references of all PHP functions:', 4, 2, 2, '2017-08-03 06:03:59'),
(3, 'New CaCategory', 'Category', 4, 2, 2, '2017-08-03 09:54:18'),
(15, NULL, '', NULL, 2, NULL, '2017-08-04 10:05:16'),
(16, NULL, '', NULL, 2, NULL, '2017-08-04 10:06:15'),
(17, NULL, '', NULL, 2, NULL, '2017-08-04 10:07:30'),
(18, NULL, '', NULL, 2, NULL, '2017-08-04 10:07:51'),
(19, NULL, '', NULL, 2, NULL, '2017-08-04 10:08:58'),
(20, NULL, '', NULL, 2, NULL, '2017-08-04 10:10:01');

-- --------------------------------------------------------

--
-- Table structure for table `tbl_moduleFiles`
--

CREATE TABLE IF NOT EXISTS `tbl_moduleFiles` (
  `moduleId` int(11) NOT NULL,
  `moduleName` varchar(255) DEFAULT NULL,
  `description` varchar(255) DEFAULT NULL,
  `trainerId` int(11) DEFAULT NULL,
  `moduleCategory` int(11) DEFAULT NULL,
  `subCategory` int(11) DEFAULT NULL,
  `fileType` varchar(255) DEFAULT NULL,
  `fileName` varchar(255) DEFAULT NULL,
  `filePath` varchar(255) DEFAULT NULL,
  `customerId` int(11) DEFAULT NULL,
  `adminId` int(11) DEFAULT NULL,
  `createdAt` datetime DEFAULT NULL
) ENGINE=InnoDB AUTO_INCREMENT=16 DEFAULT CHARSET=latin1;

--
-- Dumping data for table `tbl_moduleFiles`
--

INSERT INTO `tbl_moduleFiles` (`moduleId`, `moduleName`, `description`, `trainerId`, `moduleCategory`, `subCategory`, `fileType`, `fileName`, `filePath`, `customerId`, `adminId`, `createdAt`) VALUES
(1, NULL, NULL, NULL, NULL, NULL, '', '', NULL, 2, 2, '2017-08-03 06:17:29'),
(3, 'PhpModule', 'PhpModule', 4, 1, 1, '', 'Tabla!_2017-08-03 06:21:55.pdf', '/var/www/html/MichelinClassroom/web/uploadfiles/Easy Learning with "Show PHP"/Tabla!_2017-08-03 06:21:55.pdf', 2, 2, '2017-08-03 06:21:55'),
(4, NULL, NULL, NULL, NULL, NULL, '', '', NULL, 2, 2, '2017-08-03 06:51:37'),
(5, NULL, NULL, NULL, NULL, NULL, '', '', NULL, 2, 2, '2017-08-03 06:57:38'),
(6, 'Tests', 'Tesd', 4, 1, 2, '', 'bgImage_2017-08-03 06:59:50.jpg', '/var/www/html/MichelinClassroom/web/uploadfiles/Example/bgImage_2017-08-03 06:59:50.jpg', 2, 2, '2017-08-03 06:59:50'),
(7, 'Tetrst', '', 4, 1, 1, '', 'sampleTestPDF_2017-08-03 07:01:02.pdf', '/var/www/html/MichelinClassroom/web/uploadfiles/Easy Learning with "Show PHP"/sampleTestPDF_2017-08-03 07:01:02.pdf', 2, 2, '2017-08-03 07:01:02'),
(8, 'Tetrst', '', 4, 1, 1, '', 'sampleTestPDF_2017-08-03 07:05:28.pdf', '/var/www/html/MichelinClassroom/web/uploadfiles/Easy Learning with "Show PHP"/sampleTestPDF_2017-08-03 07:05:28.pdf', 2, 2, '2017-08-03 07:05:28'),
(9, 'ert', 'ert', 4, 3, 3, '', 'person-icon-8_2017-08-03 11:13:57.png', '/var/www/html/MichelinClassroom/web/uploadfiles/Test/person-icon-8_2017-08-03 11:13:57.png', 2, 2, '2017-08-03 11:13:57'),
(10, 'wel', 'wel', 4, 2, 4, '', 'person-icon-8_2017-08-03 11:15:04.png', '/var/www/html/MichelinClassroom/web/uploadfiles/TEfdfs /person-icon-8_2017-08-03 11:15:04.png', 2, 2, '2017-08-03 11:15:04'),
(11, 'wel', 'wel', 4, 2, 4, '', 'person-icon-8_2017-08-03 11:15:14.png', '/var/www/html/MichelinClassroom/web/uploadfiles/TEfdfs /person-icon-8_2017-08-03 11:15:14.png', 2, 2, '2017-08-03 11:15:14'),
(12, 'not', 'noy', 4, 2, 4, '', 'person-icon-8_2017-08-03 11:16:02.png', '/var/www/html/MichelinClassroom/web/uploadfiles/TEfdfs /person-icon-8_2017-08-03 11:16:02.png', 2, 2, '2017-08-03 11:16:02'),
(13, 'moon', 'moon', 4, 1, 1, '', 'person-icon-8_2017-08-03 11:18:05.png', '/var/www/html/MichelinClassroom/web/uploadfiles/Easy Learning with "Show PHP"/person-icon-8_2017-08-03 11:18:05.png', 2, 2, '2017-08-03 11:18:05'),
(14, 'fog', 'gggh', 4, 1, 2, '', 'person-icon-8_2017-08-03 11:18:33.png', '/var/www/html/MichelinClassroom/web/uploadfiles/Example/person-icon-8_2017-08-03 11:18:33.png', 2, 2, '2017-08-03 11:18:33'),
(15, 'Tests', 'tsfssfds', 4, 1, 1, 'Story', 'InteractiveResume3 - Storyline output_2017-08-04 10:41:16', '/var/www/html/MichelinClassroom/web/uploadfiles/Easy Learning with "Show PHP"/Tests_2017-08-04 10:41:16', 2, 2, '2017-08-04 10:41:16');

-- --------------------------------------------------------

--
-- Table structure for table `tbl_moduleSubCategory`
--

CREATE TABLE IF NOT EXISTS `tbl_moduleSubCategory` (
  `subCatid` int(11) NOT NULL,
  `catId` int(11) DEFAULT NULL,
  `subCategory` varchar(255) DEFAULT NULL,
  `description` varchar(255) DEFAULT NULL,
  `customerId` int(11) DEFAULT NULL,
  `adminId` int(11) DEFAULT NULL,
  `trainerId` int(11) DEFAULT NULL,
  `createdAt` datetime DEFAULT NULL
) ENGINE=InnoDB AUTO_INCREMENT=7 DEFAULT CHARSET=latin1;

--
-- Dumping data for table `tbl_moduleSubCategory`
--

INSERT INTO `tbl_moduleSubCategory` (`subCatid`, `catId`, `subCategory`, `description`, `customerId`, `adminId`, `trainerId`, `createdAt`) VALUES
(1, 1, 'Easy Learning with "Show PHP"', 'Easy Learning with "Show PHP"', 2, 2, 4, '2017-08-03 06:05:08'),
(2, 1, 'Example', ' <!DOCTYPE html>\r\n<html>\r\n<body>\r\n\r\n<?php\r\necho "My first PHP script!";\r\n?>\r\n\r\n</body>\r\n</html> ', 2, 2, 4, '2017-08-03 06:05:31'),
(3, 3, 'Test', 'Test', 2, 2, 4, '2017-08-03 09:57:48'),
(4, 2, 'TEfdfs ', 'ZZzcxzcz', 2, 2, 4, '2017-08-03 10:02:25');

-- --------------------------------------------------------

--
-- Table structure for table `tbl_trainingProgram`
--

CREATE TABLE IF NOT EXISTS `tbl_trainingProgram` (
  `prgId` int(11) NOT NULL,
  `batchId` int(11) DEFAULT NULL,
  `programName` varchar(255) DEFAULT NULL,
  `description` varchar(255) DEFAULT NULL,
  `adminId` int(11) DEFAULT NULL,
  `createdAt` datetime DEFAULT NULL
) ENGINE=InnoDB DEFAULT CHARSET=latin1;

-- --------------------------------------------------------

--
-- Table structure for table `tbl_trainingSchedule`
--

CREATE TABLE IF NOT EXISTS `tbl_trainingSchedule` (
  `scheId` int(11) NOT NULL,
  `batchId` int(11) DEFAULT NULL,
  `programId` int(11) DEFAULT NULL,
  `moduleCateId` int(11) DEFAULT NULL,
  `trainerName` varchar(255) DEFAULT NULL,
  `scheduleDate` datetime DEFAULT NULL,
  `departId` int(11) DEFAULT NULL,
  `employeeId` int(11) DEFAULT NULL,
  `customerId` int(11) DEFAULT NULL,
  `adminId` int(11) DEFAULT NULL,
  `createdAt` datetime DEFAULT NULL
) ENGINE=InnoDB DEFAULT CHARSET=latin1;

-- --------------------------------------------------------

--
-- Table structure for table `tbl_User`
--

CREATE TABLE IF NOT EXISTS `tbl_User` (
  `userid` int(11) NOT NULL,
  `Username` varchar(255) DEFAULT NULL,
  `password` varchar(255) DEFAULT NULL,
  `sureName` varchar(255) DEFAULT NULL,
  `Name` varchar(255) DEFAULT NULL,
  `EmailId` varchar(255) DEFAULT NULL,
  `mobileNo` bigint(20) DEFAULT NULL,
  `Address` text,
  `gender` varchar(255) DEFAULT NULL,
  `employeeType` varchar(255) DEFAULT NULL,
  `department` int(11) DEFAULT NULL,
  `location` int(11) DEFAULT NULL,
  `chorusId` varchar(255) DEFAULT NULL,
  `Gid` varchar(255) DEFAULT NULL,
  `filename` varchar(255) DEFAULT NULL,
  `imagePath` varchar(255) DEFAULT NULL,
  `usertypeId` int(11) DEFAULT NULL,
  `customerId` int(11) DEFAULT NULL,
  `adminId` int(11) DEFAULT NULL,
  `createdAt` datetime DEFAULT NULL,
  `status` varchar(255) NOT NULL DEFAULT 'active'
) ENGINE=InnoDB AUTO_INCREMENT=12 DEFAULT CHARSET=latin1;

--
-- Dumping data for table `tbl_User`
--

INSERT INTO `tbl_User` (`userid`, `Username`, `password`, `sureName`, `Name`, `EmailId`, `mobileNo`, `Address`, `gender`, `employeeType`, `department`, `location`, `chorusId`, `Gid`, `filename`, `imagePath`, `usertypeId`, `customerId`, `adminId`, `createdAt`, `status`) VALUES
(1, 'admin', 'd0Q5M1JQVGZFZndBcWFvcG9KckxNZz09', 'dotcue', 'TraXPDS', NULL, NULL, NULL, NULL, NULL, NULL, NULL, NULL, NULL, NULL, NULL, 1, NULL, NULL, '2017-08-03 00:00:00', 'active'),
(2, 'michelin@gmail.com', 'd0Q5M1JQVGZFZndBcWFvcG9KckxNZz09', NULL, 'Michelin', 'michelin@gmail.com', 98989999898, 'Chennai', NULL, NULL, NULL, NULL, NULL, NULL, 'services-bib_03Aug2017_05:07:11.png', '/var/www/html/MichelinClassroom/web/logofile/Michelin/services-bib_03Aug2017_05:07:11.png', 2, NULL, 1, '2017-08-03 05:07:11', 'active'),
(3, 'G702308', 'Nk1kRXcxRFR6NmdiYjdNaldwV2g4QT09', 'Babu', 'Prasanth ', NULL, NULL, NULL, 'Male', 'Trainee', 1, 1, '10325713', 'G702308', NULL, '', 4, 2, 2, '2017-08-03 05:46:50', 'active'),
(4, '007', 'VUNRUGtqMDA2NE1BVDZ6OGRtQVpndz09', 'prasanth', 'prasanth', NULL, NULL, NULL, 'Male', 'Trainer', 2, 1, '007', '007', NULL, '', 4, 2, 2, '2017-08-03 05:56:48', 'active'),
(5, 'test', 'd0Q5M1JQVGZFZndBcWFvcG9KckxNZz09', 'Mathivanan', 'Thirunavukkarasu ', NULL, NULL, NULL, 'Male', 'Trainee', 2, 1, '10324868', 'G702291', NULL, '', 4, 2, 2, '2017-08-03 07:21:54', 'active'),
(7, 'G700626', 'eWFuYWsyQjZpL1Q0RzBmbUp3ZEdMdz09', 'Michael', 'Mohan Aldrin ', NULL, NULL, NULL, 'Male', 'Trainee', 1, 1, '10265035', 'G700626', NULL, '', 4, 2, 2, '2017-08-03 07:22:26', 'active'),
(8, 'G702310', 'RHBURzcvaFpLd3RnYUZmcHhSOTdWdz09', 'Mani', 'Sugumar ', NULL, NULL, NULL, 'Male', 'Trainee', 2, 1, '10325749', 'G702310', NULL, '', 4, 2, 2, '2017-08-03 07:22:37', 'active'),
(9, 'G701484', 'NUpxd2ZqVUYxWGwzNGllYjFqbGhrQT09', 'Ojha', 'Srusti Prasad ', NULL, NULL, NULL, 'Male', 'Trainee', 2, 1, '10285963', 'G701484', NULL, '', 4, 2, 4, '2017-08-04 09:23:14', 'active'),
(10, 'w', 'aHVkekpXM3lNL3pQeHBEZ0E1ZTlqQT09', 'd', 'd', NULL, NULL, NULL, 'Female', 'Guest Trainer', 1, 1, 'q', 'w', NULL, '', 4, 2, 2, '2017-08-04 11:00:55', 'active'),
(11, 'd', 'SjRHb0d1ekk0ZXIrU3NtcHU5MkYwUT09', 'd', 'd', NULL, NULL, NULL, 'Male', 'Guest Trainer', 1, 1, 'd', 'd', NULL, '', 4, 2, 2, '2017-08-04 11:04:17', 'active');

-- --------------------------------------------------------

--
-- Table structure for table `tbl_UserType`
--

CREATE TABLE IF NOT EXISTS `tbl_UserType` (
  `id` int(11) NOT NULL,
  `usertype` varchar(255) DEFAULT NULL,
  `status` varchar(255) DEFAULT 'Active',
  `createdAt` datetime DEFAULT NULL
) ENGINE=InnoDB AUTO_INCREMENT=4 DEFAULT CHARSET=latin1;

--
-- Dumping data for table `tbl_UserType`
--

INSERT INTO `tbl_UserType` (`id`, `usertype`, `status`, `createdAt`) VALUES
(1, 'Admin', 'Active', '2016-11-09 00:00:00'),
(2, 'Customer', 'Active', '2016-11-09 00:00:00'),
(3, 'Employees', 'Active', '2016-11-15 00:00:00');

-- --------------------------------------------------------

--
-- Table structure for table `tbl_view_history`
--

CREATE TABLE IF NOT EXISTS `tbl_view_history` (
  `id` int(250) NOT NULL,
  `empid` int(250) DEFAULT NULL,
  `module_id` int(250) DEFAULT NULL,
  `view_date` datetime DEFAULT NULL
) ENGINE=InnoDB DEFAULT CHARSET=latin1;

--
-- Indexes for dumped tables
--

--
-- Indexes for table `tbl_BasicDetails`
--
ALTER TABLE `tbl_BasicDetails`
  ADD PRIMARY KEY (`id`);

--
-- Indexes for table `tbl_batch`
--
ALTER TABLE `tbl_batch`
  ADD PRIMARY KEY (`batchId`);

--
-- Indexes for table `tbl_Department`
--
ALTER TABLE `tbl_Department`
  ADD PRIMARY KEY (`dprtId`);

--
-- Indexes for table `tbl_employee`
--
ALTER TABLE `tbl_employee`
  ADD PRIMARY KEY (`empId`);

--
-- Indexes for table `tbl_location`
--
ALTER TABLE `tbl_location`
  ADD PRIMARY KEY (`zoneId`);

--
-- Indexes for table `tbl_mapBatchtoEmployee`
--
ALTER TABLE `tbl_mapBatchtoEmployee`
  ADD PRIMARY KEY (`id`);

--
-- Indexes for table `tbl_mapModule`
--
ALTER TABLE `tbl_mapModule`
  ADD PRIMARY KEY (`mapId`);

--
-- Indexes for table `tbl_mapProgramtoCategory`
--
ALTER TABLE `tbl_mapProgramtoCategory`
  ADD PRIMARY KEY (`id`);

--
-- Indexes for table `tbl_moduleCategory`
--
ALTER TABLE `tbl_moduleCategory`
  ADD PRIMARY KEY (`cateId`);

--
-- Indexes for table `tbl_moduleFiles`
--
ALTER TABLE `tbl_moduleFiles`
  ADD PRIMARY KEY (`moduleId`);

--
-- Indexes for table `tbl_moduleSubCategory`
--
ALTER TABLE `tbl_moduleSubCategory`
  ADD PRIMARY KEY (`subCatid`);

--
-- Indexes for table `tbl_trainingProgram`
--
ALTER TABLE `tbl_trainingProgram`
  ADD PRIMARY KEY (`prgId`);

--
-- Indexes for table `tbl_trainingSchedule`
--
ALTER TABLE `tbl_trainingSchedule`
  ADD PRIMARY KEY (`scheId`);

--
-- Indexes for table `tbl_User`
--
ALTER TABLE `tbl_User`
  ADD PRIMARY KEY (`userid`);

--
-- Indexes for table `tbl_UserType`
--
ALTER TABLE `tbl_UserType`
  ADD PRIMARY KEY (`id`);

--
-- Indexes for table `tbl_view_history`
--
ALTER TABLE `tbl_view_history`
  ADD PRIMARY KEY (`id`);

--
-- AUTO_INCREMENT for dumped tables
--

--
-- AUTO_INCREMENT for table `tbl_BasicDetails`
--
ALTER TABLE `tbl_BasicDetails`
  MODIFY `id` int(11) NOT NULL AUTO_INCREMENT,AUTO_INCREMENT=876;
--
-- AUTO_INCREMENT for table `tbl_batch`
--
ALTER TABLE `tbl_batch`
  MODIFY `batchId` int(11) NOT NULL AUTO_INCREMENT;
--
-- AUTO_INCREMENT for table `tbl_Department`
--
ALTER TABLE `tbl_Department`
  MODIFY `dprtId` int(11) NOT NULL AUTO_INCREMENT,AUTO_INCREMENT=5;
--
-- AUTO_INCREMENT for table `tbl_employee`
--
ALTER TABLE `tbl_employee`
  MODIFY `empId` int(11) NOT NULL AUTO_INCREMENT;
--
-- AUTO_INCREMENT for table `tbl_location`
--
ALTER TABLE `tbl_location`
  MODIFY `zoneId` int(11) NOT NULL AUTO_INCREMENT,AUTO_INCREMENT=2;
--
-- AUTO_INCREMENT for table `tbl_mapBatchtoEmployee`
--
ALTER TABLE `tbl_mapBatchtoEmployee`
  MODIFY `id` int(11) NOT NULL AUTO_INCREMENT,AUTO_INCREMENT=13;
--
-- AUTO_INCREMENT for table `tbl_mapModule`
--
ALTER TABLE `tbl_mapModule`
  MODIFY `mapId` int(11) NOT NULL AUTO_INCREMENT,AUTO_INCREMENT=4;
--
-- AUTO_INCREMENT for table `tbl_mapProgramtoCategory`
--
ALTER TABLE `tbl_mapProgramtoCategory`
  MODIFY `id` int(11) NOT NULL AUTO_INCREMENT,AUTO_INCREMENT=4;
--
-- AUTO_INCREMENT for table `tbl_moduleCategory`
--
ALTER TABLE `tbl_moduleCategory`
  MODIFY `cateId` int(11) NOT NULL AUTO_INCREMENT,AUTO_INCREMENT=24;
--
-- AUTO_INCREMENT for table `tbl_moduleFiles`
--
ALTER TABLE `tbl_moduleFiles`
  MODIFY `moduleId` int(11) NOT NULL AUTO_INCREMENT,AUTO_INCREMENT=16;
--
-- AUTO_INCREMENT for table `tbl_moduleSubCategory`
--
ALTER TABLE `tbl_moduleSubCategory`
  MODIFY `subCatid` int(11) NOT NULL AUTO_INCREMENT,AUTO_INCREMENT=7;
--
-- AUTO_INCREMENT for table `tbl_trainingProgram`
--
ALTER TABLE `tbl_trainingProgram`
  MODIFY `prgId` int(11) NOT NULL AUTO_INCREMENT;
--
-- AUTO_INCREMENT for table `tbl_trainingSchedule`
--
ALTER TABLE `tbl_trainingSchedule`
  MODIFY `scheId` int(11) NOT NULL AUTO_INCREMENT;
--
-- AUTO_INCREMENT for table `tbl_User`
--
ALTER TABLE `tbl_User`
  MODIFY `userid` int(11) NOT NULL AUTO_INCREMENT,AUTO_INCREMENT=12;
--
-- AUTO_INCREMENT for table `tbl_UserType`
--
ALTER TABLE `tbl_UserType`
  MODIFY `id` int(11) NOT NULL AUTO_INCREMENT,AUTO_INCREMENT=4;
--
-- AUTO_INCREMENT for table `tbl_view_history`
--
ALTER TABLE `tbl_view_history`
  MODIFY `id` int(250) NOT NULL AUTO_INCREMENT;
/*!40101 SET CHARACTER_SET_CLIENT=@OLD_CHARACTER_SET_CLIENT */;
/*!40101 SET CHARACTER_SET_RESULTS=@OLD_CHARACTER_SET_RESULTS */;
/*!40101 SET COLLATION_CONNECTION=@OLD_COLLATION_CONNECTION */;
